cells,cells_outside_expected_support,component_count,component_elongation_median,component_perimeter_sqrt_area_median,component_size_max,component_size_median,component_size_p90,edge_component_count,family,group,map_id,pct_map,quantity_1,quantity_10,quantity_11,quantity_12,quantity_13,quantity_14,quantity_15,quantity_2,quantity_3,quantity_4,quantity_5,quantity_6,quantity_7,quantity_8,quantity_9,quantity_counts,quantity_max,quantity_mean,quantity_median,quantity_min,stock,terrain_counts
20988,0,1145,1.4151180660011415,7.071067811865475,658,2.0,50.0,0,coal,2p,sav_001,3.55835,1333,1487,1466,1354,1375,1390,1386,1399,1380,1436,1430,1416,1383,1353,1400,"{""1"": 1333, ""10"": 1487, ""11"": 1466, ""12"": 1354, ""13"": 1375, ""14"": 1390, ""15"": 1386, ""2"": 1399, ""3"": 1380, ""4"": 1436, ""5"": 1430, ""6"": 1416, ""7"": 1383, ""8"": 1353, ""9"": 1400}",15,8.011006289308176,8.0,1,168135,"{""128"": 2821, ""129"": 507, ""32"": 15653, ""33"": 1410, ""34"": 6, ""35"": 591}"
8304,0,454,1.7320508075688772,7.071067811865475,271,3.0,56.69999999999999,0,iron,2p,sav_001,1.407878,576,570,550,519,561,562,547,584,543,494,591,551,546,552,558,"{""1"": 576, ""10"": 570, ""11"": 550, ""12"": 519, ""13"": 561, ""14"": 562, ""15"": 547, ""2"": 584, ""3"": 543, ""4"": 494, ""5"": 591, ""6"": 551, ""7"": 546, ""8"": 552, ""9"": 558}",15,7.973747591522158,8.0,1,66214,"{""128"": 1059, ""129"": 166, ""32"": 6231, ""33"": 647, ""35"": 201}"
5392,0,288,1.6853367063631386,8.049844718999243,175,3.5,54.30000000000001,0,gold,2p,sav_001,0.914171,372,371,337,366,355,363,346,354,358,361,343,377,371,339,379,"{""1"": 372, ""10"": 371, ""11"": 337, ""12"": 366, ""13"": 355, ""14"": 363, ""15"": 346, ""2"": 354, ""3"": 358, ""4"": 361, ""5"": 343, ""6"": 377, ""7"": 371, ""8"": 339, ""9"": 379}",15,7.973108308605341,8.0,1,42991,"{""128"": 766, ""129"": 151, ""32"": 3868, ""33"": 440, ""34"": 1, ""35"": 166}"
2283,0,127,1.8011132989443566,8.981462390204987,106,6.0,55.0,0,gems,2p,sav_001,0.387065,129,142,160,138,162,182,159,150,148,160,163,148,160,138,144,"{""1"": 129, ""10"": 142, ""11"": 160, ""12"": 138, ""13"": 162, ""14"": 182, ""15"": 159, ""2"": 150, ""3"": 148, ""4"": 160, ""5"": 163, ""6"": 148, ""7"": 160, ""8"": 138, ""9"": 144}",15,8.151992991677616,8.0,1,18611,"{""128"": 253, ""129"": 57, ""32"": 1733, ""33"": 170, ""34"": 1, ""35"": 69}"
3332,0,178,1.828721515555586,8.082903768654761,107,5.0,57.0,0,sulfur,2p,sav_001,0.564914,233,209,211,214,227,228,233,256,207,218,219,206,234,222,215,"{""1"": 233, ""10"": 209, ""11"": 211, ""12"": 214, ""13"": 227, ""14"": 228, ""15"": 233, ""2"": 256, ""3"": 207, ""4"": 218, ""5"": 219, ""6"": 206, ""7"": 234, ""8"": 222, ""9"": 215}",15,7.963685474189676,8.0,1,26535,"{""128"": 536, ""129"": 94, ""32"": 2366, ""33"": 191, ""34"": 1, ""35"": 144}"
40299,0,455,1.7271574357677484,7.071067811865475,4199,3.0,137.80000000000007,0,minerals,2p,sav_001,6.832377,2643,2779,2724,2591,2680,2725,2671,2743,2636,2669,2746,2698,2694,2604,2696,"{""1"": 2643, ""10"": 2779, ""11"": 2724, ""12"": 2591, ""13"": 2680, ""14"": 2725, ""15"": 2671, ""2"": 2743, ""3"": 2636, ""4"": 2669, ""5"": 2746, ""6"": 2698, ""7"": 2694, ""8"": 2604, ""9"": 2696}",15,8.002332564083476,8.0,1,322486,"{""128"": 5435, ""129"": 975, ""32"": 29851, ""33"": 2858, ""34"": 9, ""35"": 1171}"
46021,0,8741,1.7320508075688772,7.071067811865475,145,2.0,13.0,18,fish,2p,sav_001,7.802497,4156,2953,2939,3015,2962,3002,2955,3036,3038,2971,3097,2967,2924,2989,3017,"{""1"": 4156, ""10"": 2953, ""11"": 2939, ""12"": 3015, ""13"": 2962, ""14"": 3002, ""15"": 2955, ""2"": 3036, ""3"": 3038, ""4"": 2971, ""5"": 3097, ""6"": 2967, ""7"": 2924, ""8"": 2989, ""9"": 3017}",15,7.79956976163056,8.0,1,358944,"{""0"": 3858, ""1"": 3518, ""2"": 3090, ""3"": 2843, ""4"": 2578, ""5"": 2365, ""6"": 2161, ""7"": 25608}"
0,0,0,0.0,0.0,0,0.0,0.0,0,unknown,2p,sav_001,0.0,0,0,0,0,0,0,0,0,0,0,0,0,0,0,0,"{""1"": 0, ""10"": 0, ""11"": 0, ""12"": 0, ""13"": 0, ""14"": 0, ""15"": 0, ""2"": 0, ""3"": 0, ""4"": 0, ""5"": 0, ""6"": 0, ""7"": 0, ""8"": 0, ""9"": 0}",0,0.0,0.0,0,0,{}
19983,0,1158,1.4978973026004159,7.071067811865475,561,2.0,48.299999999999955,0,coal,2p,sav_002,3.38796,1307,1328,1307,1328,1435,1287,1350,1276,1353,1279,1378,1310,1347,1336,1362,"{""1"": 1307, ""10"": 1328, ""11"": 1307, ""12"": 1328, ""13"": 1435, ""14"": 1287, ""15"": 1350, ""2"": 1276, ""3"": 1353, ""4"": 1279, ""5"": 1378, ""6"": 1310, ""7"": 1347, ""8"": 1336, ""9"": 1362}",15,8.0405844968223,8.0,1,160675,"{""128"": 2429, ""129"": 459, ""32"": 15087, ""33"": 1483, ""34"": 7, ""35"": 518}"
8638,0,520,1.6533285765594021,7.071067811865475,184,3.0,55.200000000000045,0,iron,2p,sav_002,1.464505,580,563,559,618,548,580,585,570,568,577,570,542,590,579,609,"{""1"": 580, ""10"": 563, ""11"": 559, ""12"": 618, ""13"": 548, ""14"": 580, ""15"": 585, ""2"": 570, ""3"": 568, ""4"": 577, ""5"": 570, ""6"": 542, ""7"": 590, ""8"": 579, ""9"": 609}",15,8.021648529752257,8.0,1,69291,"{""128"": 1062, ""129"": 220, ""32"": 6416, ""33"": 633, ""34"": 8, ""35"": 299}"
5748,0,290,1.7730059022312243,8.16496580927726,232,5.0,57.0,0,gold,2p,sav_002,0.974528,384,394,399,383,371,351,366,427,358,370,385,390,382,377,411,"{""1"": 384, ""10"": 394, ""11"": 399, ""12"": 383, ""13"": 371, ""14"": 351, ""15"": 366, ""2"": 427, ""3"": 358, ""4"": 370, ""5"": 385, ""6"": 390, ""7"": 382, ""8"": 377, ""9"": 411}",15,7.932846207376479,8.0,1,45598,"{""128"": 799, ""129"": 136, ""32"": 4263, ""33"": 419, ""34"": 1, ""35"": 130}"
2014,0,99,1.7041581445919478,8.94427190999916,86,8.0,50.60000000000001,0,gems,2p,sav_002,0.341458,132,148,115,135,129,116,126,136,136,132,162,129,144,136,138,"{""1"": 132, ""10"": 148, ""11"": 115, ""12"": 135, ""13"": 129, ""14"": 116, ""15"": 126, ""2"": 136, ""3"": 136, ""4"": 132, ""5"": 162, ""6"": 129, ""7"": 144, ""8"": 136, ""9"": 138}",15,7.8540218470705065,8.0,1,15818,"{""128"": 335, ""129"": 61, ""32"": 1419, ""33"": 152, ""34"": 2, ""35"": 45}"
3508,0,132,1.7432356463569878,9.913538149119955,117,16.0,69.9,0,sulfur,2p,sav_002,0.594754,236,214,215,245,228,235,216,264,229,263,256,229,208,231,239,"{""1"": 236, ""10"": 214, ""11"": 215, ""12"": 245, ""13"": 228, ""14"": 235, ""15"": 216, ""2"": 264, ""3"": 229, ""4"": 263, ""5"": 256, ""6"": 229, ""7"": 208, ""8"": 231, ""9"": 239}",15,7.853762827822121,8.0,1,27551,"{""128"": 381, ""129"": 66, ""32"": 2692, ""33"": 285, ""35"": 84}"
39891,0,415,1.785786205753577,8.082903768654761,6770,4.0,167.0000000000001,0,minerals,2p,sav_002,6.763204,2639,2647,2595,2709,2711,2569,2643,2673,2644,2621,2751,2600,2671,2659,2759,"{""1"": 2639, ""10"": 2647, ""11"": 2595, ""12"": 2709, ""13"": 2711, ""14"": 2569, ""15"": 2643, ""2"": 2673, ""3"": 2644, ""4"": 2621, ""5"": 2751, ""6"": 2600, ""7"": 2671, ""8"": 2659, ""9"": 2759}",15,7.995111679326164,8.0,1,318933,"{""128"": 5006, ""129"": 942, ""32"": 29877, ""33"": 2972, ""34"": 18, ""35"": 1076}"
46351,0,8893,1.7320508075688776,7.071067811865475,221,2.0,12.0,12,fish,2p,sav_002,7.858446,3955,3020,3005,3129,3054,3003,2943,3065,3041,3110,2954,2963,3066,3043,3000,"{""1"": 3955, ""10"": 3020, ""11"": 3005, ""12"": 3129, ""13"": 3054, ""14"": 3003, ""15"": 2943, ""2"": 3065, ""3"": 3041, ""4"": 3110, ""5"": 2954, ""6"": 2963, ""7"": 3066, ""8"": 3043, ""9"": 3000}",15,7.846518953204893,8.0,1,363694,"{""0"": 3479, ""1"": 3338, ""2"": 3033, ""3"": 2742, ""4"": 2497, ""5"": 2307, ""6"": 2080, ""7"": 26875}"
0,0,0,0.0,0.0,0,0.0,0.0,0,unknown,2p,sav_002,0.0,0,0,0,0,0,0,0,0,0,0,0,0,0,0,0,"{""1"": 0, ""10"": 0, ""11"": 0, ""12"": 0, ""13"": 0, ""14"": 0, ""15"": 0, ""2"": 0, ""3"": 0, ""4"": 0, ""5"": 0, ""6"": 0, ""7"": 0, ""8"": 0, ""9"": 0}",0,0.0,0.0,0,0,{}
18692,0,1158,1.4913636182842855,7.071067811865475,580,2.0,42.299999999999955,0,coal,2p,sav_003,3.169081,1257,1260,1283,1196,1277,1277,1217,1275,1233,1234,1212,1260,1246,1245,1220,"{""1"": 1257, ""10"": 1260, ""11"": 1283, ""12"": 1196, ""13"": 1277, ""14"": 1277, ""15"": 1217, ""2"": 1275, ""3"": 1233, ""4"": 1234, ""5"": 1212, ""6"": 1260, ""7"": 1246, ""8"": 1245, ""9"": 1220}",15,7.999304515300663,8.0,1,149523,"{""128"": 2309, ""129"": 521, ""32"": 13396, ""33"": 1794, ""34"": 7, ""35"": 665}"
8629,0,504,1.7320508075688772,7.500031466763344,280,3.0,51.69999999999999,0,iron,2p,sav_003,1.462979,599,580,579,565,548,543,587,549,600,566,620,573,594,556,570,"{""1"": 599, ""10"": 580, ""11"": 579, ""12"": 565, ""13"": 548, ""14"": 543, ""15"": 587, ""2"": 549, ""3"": 600, ""4"": 566, ""5"": 620, ""6"": 573, ""7"": 594, ""8"": 556, ""9"": 570}",15,7.940085757329934,8.0,1,68515,"{""128"": 1060, ""129"": 207, ""32"": 6258, ""33"": 839, ""34"": 2, ""35"": 263}"
5620,0,274,1.802129790889596,8.082903768654761,158,5.0,62.70000000000002,0,gold,2p,sav_003,0.952827,352,351,369,351,382,381,386,364,389,377,392,395,373,357,401,"{""1"": 352, ""10"": 351, ""11"": 369, ""12"": 351, ""13"": 382, ""14"": 381, ""15"": 386, ""2"": 364, ""3"": 389, ""4"": 377, ""5"": 392, ""6"": 395, ""7"": 373, ""8"": 357, ""9"": 401}",15,8.012811387900356,8.0,1,45032,"{""128"": 854, ""129"": 161, ""32"": 3976, ""33"": 411, ""34"": 1, ""35"": 217}"
1866,0,118,1.846030412780715,8.082903768654761,95,5.5,56.0,0,gems,2p,sav_003,0.316366,136,127,122,118,101,110,117,131,128,140,120,123,128,133,132,"{""1"": 136, ""10"": 127, ""11"": 122, ""12"": 118, ""13"": 101, ""14"": 110, ""15"": 117, ""2"": 131, ""3"": 128, ""4"": 140, ""5"": 120, ""6"": 123, ""7"": 128, ""8"": 133, ""9"": 132}",15,7.751339764201501,8.0,1,14464,"{""128"": 208, ""129"": 48, ""32"": 1333, ""33"": 207, ""35"": 70}"
3090,0,160,1.7320508075688772,8.082903768654761,123,6.0,53.0,0,sulfur,2p,sav_003,0.523885,220,224,222,184,188,208,201,192,215,204,207,217,193,229,186,"{""1"": 220, ""10"": 224, ""11"": 222, ""12"": 184, ""13"": 188, ""14"": 208, ""15"": 201, ""2"": 192, ""3"": 215, ""4"": 204, ""5"": 207, ""6"": 217, ""7"": 193, ""8"": 229, ""9"": 186}",15,7.935275080906149,8.0,1,24520,"{""128"": 330, ""129"": 59, ""32"": 2318, ""33"": 283, ""35"": 100}"
37897,0,516,1.794964424886369,8.024922359499621,2605,3.0,143.5,0,minerals,2p,sav_003,6.425137,2564,2542,2575,2414,2496,2519,2508,2511,2565,2521,2551,2568,2534,2520,2509,"{""1"": 2564, ""10"": 2542, ""11"": 2575, ""12"": 2414, ""13"": 2496, ""14"": 2519, ""15"": 2508, ""2"": 2511, ""3"": 2565, ""4"": 2521, ""5"": 2551, ""6"": 2568, ""7"": 2534, ""8"": 2520, ""9"": 2509}",15,7.970393434836531,8.0,1,302054,"{""128"": 4761, ""129"": 996, ""32"": 27281, ""33"": 3534, ""34"": 10, ""35"": 1315}"
47620,0,9077,1.7320508075688776,7.071067811865475,151,2.0,13.0,13,fish,2p,sav_003,8.073595,3729,3176,3133,3206,3122,3090,3052,3162,3107,3194,3161,3079,3153,3145,3111,"{""1"": 3729, ""10"": 3176, ""11"": 3133, ""12"": 3206, ""13"": 3122, ""14"": 3090, ""15"": 3052, ""2"": 3162, ""3"": 3107, ""4"": 3194, ""5"": 3161, ""6"": 3079, ""7"": 3153, ""8"": 3145, ""9"": 3111}",15,7.895422091558169,8.0,1,375980,"{""0"": 3969, ""1"": 3663, ""2"": 3372, ""3"": 2994, ""4"": 2787, ""5"": 2465, ""6"": 2279, ""7"": 26091}"
0,0,0,0.0,0.0,0,0.0,0.0,0,unknown,2p,sav_003,0.0,0,0,0,0,0,0,0,0,0,0,0,0,0,0,0,"{""1"": 0, ""10"": 0, ""11"": 0, ""12"": 0, ""13"": 0, ""14"": 0, ""15"": 0, ""2"": 0, ""3"": 0, ""4"": 0, ""5"": 0, ""6"": 0, ""7"": 0, ""8"": 0, ""9"": 0}",0,0.0,0.0,0,0,{}
20305,0,1194,1.4073897038842054,7.035533905932738,559,2.0,42.700000000000045,0,coal,2p,sav_004,3.442552,1386,1302,1414,1306,1316,1343,1382,1442,1295,1357,1337,1385,1346,1379,1315,"{""1"": 1386, ""10"": 1302, ""11"": 1414, ""12"": 1306, ""13"": 1316, ""14"": 1343, ""15"": 1382, ""2"": 1442, ""3"": 1295, ""4"": 1357, ""5"": 1337, ""6"": 1385, ""7"": 1346, ""8"": 1379, ""9"": 1315}",15,7.96616596897316,8.0,1,161753,"{""128"": 2898, ""129"": 560, ""32"": 14464, ""33"": 1711, ""34"": 4, ""35"": 668}"
8465,0,517,1.7320508075688772,7.155417527999327,162,3.0,50.400000000000034,0,iron,2p,sav_004,1.435174,573,522,583,556,612,547,561,524,563,570,572,582,581,579,540,"{""1"": 573, ""10"": 522, ""11"": 583, ""12"": 556, ""13"": 612, ""14"": 547, ""15"": 561, ""2"": 524, ""3"": 563, ""4"": 570, ""5"": 572, ""6"": 582, ""7"": 581, ""8"": 579, ""9"": 540}",15,8.013585351447135,8.0,1,67835,"{""128"": 922, ""129"": 165, ""32"": 6387, ""33"": 729, ""34"": 3, ""35"": 259}"
5762,0,246,1.7320508075688776,8.0,229,6.0,70.0,0,gold,2p,sav_004,0.976902,374,395,410,376,367,386,399,400,372,372,399,385,377,389,361,"{""1"": 374, ""10"": 395, ""11"": 410, ""12"": 376, ""13"": 367, ""14"": 386, ""15"": 399, ""2"": 400, ""3"": 372, ""4"": 372, ""5"": 399, ""6"": 385, ""7"": 377, ""8"": 389, ""9"": 361}",15,8.0206525511975,8.0,1,46215,"{""128"": 439, ""129"": 137, ""32"": 4610, ""33"": 388, ""34"": 2, ""35"": 186}"
1819,0,108,1.8117925468262293,8.082903768654761,103,5.0,44.89999999999999,0,gems,2p,sav_004,0.308397,128,109,146,129,107,123,138,119,116,124,129,112,121,107,111,"{""1"": 128, ""10"": 109, ""11"": 146, ""12"": 129, ""13"": 107, ""14"": 123, ""15"": 138, ""2"": 119, ""3"": 116, ""4"": 124, ""5"": 129, ""6"": 112, ""7"": 121, ""8"": 107, ""9"": 111}",15,8.05717427157779,8.0,1,14656,"{""128"": 231, ""129"": 61, ""32"": 1257, ""33"": 199, ""35"": 71}"
2712,0,132,1.7734164135955353,8.689101403391346,98,9.5,50.0,0,sulfur,2p,sav_004,0.459798,176,176,177,171,191,204,198,168,211,176,157,171,188,193,155,"{""1"": 176, ""10"": 176, ""11"": 177, ""12"": 171, ""13"": 191, ""14"": 204, ""15"": 198, ""2"": 168, ""3"": 211, ""4"": 176, ""5"": 157, ""6"": 171, ""7"": 188, ""8"": 193, ""9"": 155}",15,8.105825958702065,8.0,1,21983,"{""128"": 314, ""129"": 90, ""32"": 1925, ""33"": 278, ""35"": 105}"
39063,0,477,1.7320508075688772,7.071067811865475,2913,3.0,152.80000000000024,0,minerals,2p,sav_004,6.622823,2637,2504,2730,2538,2593,2603,2678,2653,2557,2599,2594,2635,2613,2647,2482,"{""1"": 2637, ""10"": 2504, ""11"": 2730, ""12"": 2538, ""13"": 2593, ""14"": 2603, ""15"": 2678, ""2"": 2653, ""3"": 2557, ""4"": 2599, ""5"": 2594, ""6"": 2635, ""7"": 2613, ""8"": 2647, ""9"": 2482}",15,7.9984128203159,8.0,1,312442,"{""128"": 4804, ""129"": 1013, ""32"": 28643, ""33"": 3305, ""34"": 9, ""35"": 1289}"
46121,0,8777,1.7320508075688776,7.071067811865475,149,2.0,13.0,12,fish,2p,sav_004,7.819451,3720,3058,3034,3076,3000,2996,3050,3032,3048,3037,3069,3022,3024,2939,3016,"{""1"": 3720, ""10"": 3058, ""11"": 3034, ""12"": 3076, ""13"": 3000, ""14"": 2996, ""15"": 3050, ""2"": 3032, ""3"": 3048, ""4"": 3037, ""5"": 3069, ""6"": 3022, ""7"": 3024, ""8"": 2939, ""9"": 3016}",15,7.890917369527981,8.0,1,363937,"{""0"": 3878, ""1"": 3462, ""2"": 3165, ""3"": 2795, ""4"": 2566, ""5"": 2427, ""6"": 2282, ""7"": 25546}"
0,0,0,0.0,0.0,0,0.0,0.0,0,unknown,2p,sav_004,0.0,0,0,0,0,0,0,0,0,0,0,0,0,0,0,0,"{""1"": 0, ""10"": 0, ""11"": 0, ""12"": 0, ""13"": 0, ""14"": 0, ""15"": 0, ""2"": 0, ""3"": 0, ""4"": 0, ""5"": 0, ""6"": 0, ""7"": 0, ""8"": 0, ""9"": 0}",0,0.0,0.0,0,0,{}
20350,0,1241,1.226976094428092,7.071067811865475,470,2.0,44.0,0,coal,2p,sav_005,3.450182,1299,1321,1329,1393,1394,1339,1301,1425,1346,1296,1358,1384,1398,1389,1378,"{""1"": 1299, ""10"": 1321, ""11"": 1329, ""12"": 1393, ""13"": 1394, ""14"": 1339, ""15"": 1301, ""2"": 1425, ""3"": 1346, ""4"": 1296, ""5"": 1358, ""6"": 1384, ""7"": 1398, ""8"": 1389, ""9"": 1378}",15,7.994742014742015,8.0,1,162693,"{""128"": 2220, ""129"": 538, ""32"": 15257, ""33"": 1670, ""34"": 3, ""35"": 662}"
9135,0,532,1.7320508075688774,7.071067811865475,182,3.0,56.0,0,iron,2p,sav_005,1.548767,608,615,597,626,590,620,589,590,588,646,599,617,651,572,627,"{""1"": 608, ""10"": 615, ""11"": 597, ""12"": 626, ""13"": 590, ""14"": 620, ""15"": 589, ""2"": 590, ""3"": 588, ""4"": 646, ""5"": 599, ""6"": 617, ""7"": 651, ""8"": 572, ""9"": 627}",15,7.99376026272578,8.0,1,73023,"{""128"": 983, ""129"": 223, ""32"": 6894, ""33"": 690, ""34"": 4, ""35"": 341}"
5714,0,266,1.819631172232934,8.73597256530785,155,6.0,60.0,0,gold,2p,sav_005,0.968764,386,376,361,376,412,380,378,389,376,427,367,347,395,351,393,"{""1"": 386, ""10"": 376, ""11"": 361, ""12"": 376, ""13"": 412, ""14"": 380, ""15"": 378, ""2"": 389, ""3"": 376, ""4"": 427, ""5"": 367, ""6"": 347, ""7"": 395, ""8"": 351, ""9"": 393}",15,7.983199159957998,8.0,1,45616,"{""128"": 720, ""129"": 166, ""32"": 4068, ""33"": 524, ""34"": 2, ""35"": 234}"
1954,0,99,1.7446229043818158,8.082903768654761,88,11.0,52.60000000000002,0,gems,2p,sav_005,0.331285,143,129,134,130,143,118,124,122,113,133,134,136,150,126,119,"{""1"": 143, ""10"": 129, ""11"": 134, ""12"": 130, ""13"": 143, ""14"": 118, ""15"": 124, ""2"": 122, ""3"": 113, ""4"": 133, ""5"": 134, ""6"": 136, ""7"": 150, ""8"": 126, ""9"": 119}",15,7.967246673490276,8.0,1,15568,"{""128"": 86, ""129"": 28, ""32"": 1626, ""33"": 153, ""34"": 1, ""35"": 60}"
3552,0,133,1.7320508075688772,9.648363026488436,217,15.0,66.6,0,sulfur,2p,sav_005,0.602214,230,276,244,223,226,243,228,230,233,241,237,248,230,221,242,"{""1"": 230, ""10"": 276, ""11"": 244, ""12"": 223, ""13"": 226, ""14"": 243, ""15"": 228, ""2"": 230, ""3"": 233, ""4"": 241, ""5"": 237, ""6"": 248, ""7"": 230, ""8"": 221, ""9"": 242}",15,8.01295045045045,8.0,1,28462,"{""128"": 734, ""129"": 114, ""32"": 2338, ""33"": 226, ""34"": 1, ""35"": 139}"
40705,0,486,1.7842300666192812,7.89960210171809,4572,3.0,193.0,0,minerals,2p,sav_005,6.901211,2666,2717,2665,2748,2765,2700,2620,2756,2656,2743,2695,2732,2824,2659,2759,"{""1"": 2666, ""10"": 2717, ""11"": 2665, ""12"": 2748, ""13"": 2765, ""14"": 2700, ""15"": 2620, ""2"": 2756, ""3"": 2656, ""4"": 2743, ""5"": 2695, ""6"": 2732, ""7"": 2824, ""8"": 2659, ""9"": 2759}",15,7.993170372190149,8.0,1,325362,"{""128"": 4743, ""129"": 1069, ""32"": 30183, ""33"": 3263, ""34"": 11, ""35"": 1436}"
44452,0,8299,1.7320508075688776,7.071067811865475,137,2.0,13.0,8,fish,2p,sav_005,7.536485,3638,2958,2855,2916,2947,2877,2860,2914,2947,2941,2841,2893,3030,2893,2942,"{""1"": 3638, ""10"": 2958, ""11"": 2855, ""12"": 2916, ""13"": 2947, ""14"": 2877, ""15"": 2860, ""2"": 2914, ""3"": 2947, ""4"": 2941, ""5"": 2841, ""6"": 2893, ""7"": 3030, ""8"": 2893, ""9"": 2942}",15,7.872131737604607,8.0,1,349932,"{""0"": 3025, ""1"": 2879, ""2"": 2569, ""3"": 2314, ""4"": 2102, ""5"": 2063, ""6"": 1948, ""7"": 27552}"
0,0,0,0.0,0.0,0,0.0,0.0,0,unknown,2p,sav_005,0.0,0,0,0,0,0,0,0,0,0,0,0,0,0,0,0,"{""1"": 0, ""10"": 0, ""11"": 0, ""12"": 0, ""13"": 0, ""14"": 0, ""15"": 0, ""2"": 0, ""3"": 0, ""4"": 0, ""5"": 0, ""6"": 0, ""7"": 0, ""8"": 0, ""9"": 0}",0,0.0,0.0,0,0,{}
20648,0,1170,1.480787498491611,7.071067811865475,561,2.0,48.100000000000136,0,coal,2p,sav_006,3.500705,1433,1422,1304,1375,1409,1408,1353,1367,1360,1313,1398,1373,1380,1402,1351,"{""1"": 1433, ""10"": 1422, ""11"": 1304, ""12"": 1375, ""13"": 1409, ""14"": 1408, ""15"": 1353, ""2"": 1367, ""3"": 1360, ""4"": 1313, ""5"": 1398, ""6"": 1373, ""7"": 1380, ""8"": 1402, ""9"": 1351}",15,7.99835335141418,8.0,1,165150,"{""128"": 2670, ""129"": 626, ""32"": 15005, ""33"": 1562, ""34"": 3, ""35"": 782}"
7605,0,519,1.7320508075688772,7.071067811865475,186,2.0,50.19999999999999,0,iron,2p,sav_006,1.289368,507,481,515,526,495,499,508,565,477,505,547,512,469,491,508,"{""1"": 507, ""10"": 481, ""11"": 515, ""12"": 526, ""13"": 495, ""14"": 499, ""15"": 508, ""2"": 565, ""3"": 477, ""4"": 505, ""5"": 547, ""6"": 512, ""7"": 469, ""8"": 491, ""9"": 508}",15,7.956081525312294,8.0,1,60506,"{""128"": 579, ""129"": 217, ""32"": 5789, ""33"": 743, ""34"": 7, ""35"": 270}"
6250,0,321,1.7320508075688772,8.221921916437786,211,5.0,58.0,0,gold,2p,sav_006,1.059638,452,401,398,383,423,436,427,393,407,409,421,406,402,441,451,"{""1"": 452, ""10"": 401, ""11"": 398, ""12"": 383, ""13"": 423, ""14"": 436, ""15"": 427, ""2"": 393, ""3"": 407, ""4"": 409, ""5"": 421, ""6"": 406, ""7"": 402, ""8"": 441, ""9"": 451}",15,8.00464,8.0,1,50029,"{""128"": 1013, ""129"": 213, ""32"": 4240, ""33"": 519, ""35"": 265}"
2171,0,88,1.752246324350311,9.035573676110726,122,9.0,63.599999999999994,0,gems,2p,sav_006,0.368076,161,140,140,157,147,139,132,152,127,134,160,157,126,150,149,"{""1"": 161, ""10"": 140, ""11"": 140, ""12"": 157, ""13"": 147, ""14"": 139, ""15"": 132, ""2"": 152, ""3"": 127, ""4"": 134, ""5"": 160, ""6"": 157, ""7"": 126, ""8"": 150, ""9"": 149}",15,7.926301243666513,8.0,1,17208,"{""128"": 167, ""129"": 45, ""32"": 1736, ""33"": 163, ""35"": 60}"
3309,0,140,1.7750900521073942,9.495173563278914,134,13.5,57.0,0,sulfur,2p,sav_006,0.561015,241,193,217,211,225,222,213,262,240,216,208,202,206,236,217,"{""1"": 241, ""10"": 193, ""11"": 217, ""12"": 211, ""13"": 225, ""14"": 222, ""15"": 213, ""2"": 262, ""3"": 240, ""4"": 216, ""5"": 208, ""6"": 202, ""7"": 206, ""8"": 236, ""9"": 217}",15,7.845572680568147,8.0,1,25961,"{""128"": 237, ""129"": 60, ""32"": 2576, ""33"": 351, ""34"": 1, ""35"": 84}"
39983,0,510,1.7320508075688772,8.049844718999243,2485,4.0,151.5000000000001,0,minerals,2p,sav_006,6.778802,2794,2637,2574,2652,2699,2704,2633,2739,2611,2577,2734,2650,2583,2720,2676,"{""1"": 2794, ""10"": 2637, ""11"": 2574, ""12"": 2652, ""13"": 2699, ""14"": 2704, ""15"": 2633, ""2"": 2739, ""3"": 2611, ""4"": 2577, ""5"": 2734, ""6"": 2650, ""7"": 2583, ""8"": 2720, ""9"": 2676}",15,7.97473926418728,8.0,1,318854,"{""128"": 4666, ""129"": 1161, ""32"": 29346, ""33"": 3338, ""34"": 11, ""35"": 1461}"
45923,0,8869,1.7320508075688774,7.071067811865475,169,2.0,12.0,17,fish,2p,sav_006,7.785882,3775,3033,2984,3001,2981,2994,3010,3089,3000,3004,2926,3167,3025,2905,3029,"{""1"": 3775, ""10"": 3033, ""11"": 2984, ""12"": 3001, ""13"": 2981, ""14"": 2994, ""15"": 3010, ""2"": 3089, ""3"": 3000, ""4"": 3004, ""5"": 2926, ""6"": 3167, ""7"": 3025, ""8"": 2905, ""9"": 3029}",15,7.8666898939529215,8.0,1,361262,"{""0"": 3449, ""1"": 3298, ""2"": 3059, ""3"": 2734, ""4"": 2515, ""5"": 2266, ""6"": 2200, ""7"": 26402}"
0,0,0,0.0,0.0,0,0.0,0.0,0,unknown,2p,sav_006,0.0,0,0,0,0,0,0,0,0,0,0,0,0,0,0,0,"{""1"": 0, ""10"": 0, ""11"": 0, ""12"": 0, ""13"": 0, ""14"": 0, ""15"": 0, ""2"": 0, ""3"": 0, ""4"": 0, ""5"": 0, ""6"": 0, ""7"": 0, ""8"": 0, ""9"": 0}",0,0.0,0.0,0,0,{}
20056,0,1183,1.5532014756350374,7.071067811865475,488,2.0,48.799999999999955,0,coal,2p,sav_007,3.400336,1354,1388,1292,1382,1361,1331,1291,1355,1337,1411,1329,1333,1317,1235,1340,"{""1"": 1354, ""10"": 1388, ""11"": 1292, ""12"": 1382, ""13"": 1361, ""14"": 1331, ""15"": 1291, ""2"": 1355, ""3"": 1337, ""4"": 1411, ""5"": 1329, ""6"": 1333, ""7"": 1317, ""8"": 1235, ""9"": 1340}",15,7.972128041483845,8.0,1,159889,"{""128"": 2422, ""129"": 449, ""32"": 15182, ""33"": 1384, ""34"": 9, ""35"": 610}"
9522,0,565,1.7320508075688772,7.071067811865475,225,3.0,51.60000000000002,0,iron,2p,sav_007,1.61438,667,629,637,603,616,646,606,629,667,636,620,655,640,618,653,"{""1"": 667, ""10"": 629, ""11"": 637, ""12"": 603, ""13"": 616, ""14"": 646, ""15"": 606, ""2"": 629, ""3"": 667, ""4"": 636, ""5"": 620, ""6"": 655, ""7"": 640, ""8"": 618, ""9"": 653}",15,7.926486032346146,8.0,1,75476,"{""128"": 1195, ""129"": 258, ""32"": 7089, ""33"": 667, ""34"": 6, ""35"": 307}"
6734,0,337,1.7320508075688774,8.082903768654761,181,5.0,63.0,0,gold,2p,sav_007,1.141697,417,438,437,470,472,436,490,417,454,476,448,445,457,451,426,"{""1"": 417, ""10"": 438, ""11"": 437, ""12"": 470, ""13"": 472, ""14"": 436, ""15"": 490, ""2"": 417, ""3"": 454, ""4"": 476, ""5"": 448, ""6"": 445, ""7"": 457, ""8"": 451, ""9"": 426}",15,8.091030591030592,8.0,1,54485,"{""128"": 864, ""129"": 173, ""32"": 5000, ""33"": 464, ""34"": 7, ""35"": 226}"
2235,0,145,1.7320508075688772,8.0,84,3.0,48.0,0,gems,2p,sav_007,0.378927,141,162,154,150,151,163,133,157,136,148,158,134,123,164,161,"{""1"": 141, ""10"": 162, ""11"": 154, ""12"": 150, ""13"": 151, ""14"": 163, ""15"": 133, ""2"": 157, ""3"": 136, ""4"": 148, ""5"": 158, ""6"": 134, ""7"": 123, ""8"": 164, ""9"": 161}",15,8.064876957494407,8.0,1,18025,"{""128"": 453, ""129"": 58, ""32"": 1468, ""33"": 173, ""35"": 83}"
3130,0,141,1.7374096587080488,8.94427190999916,92,10.0,60.0,0,sulfur,2p,sav_007,0.530667,214,212,206,205,201,189,201,197,229,203,209,221,233,193,217,"{""1"": 214, ""10"": 212, ""11"": 206, ""12"": 205, ""13"": 201, ""14"": 189, ""15"": 201, ""2"": 197, ""3"": 229, ""4"": 203, ""5"": 209, ""6"": 221, ""7"": 233, ""8"": 193, ""9"": 217}",15,7.899680511182108,8.0,1,24726,"{""128"": 374, ""129"": 49, ""32"": 2364, ""33"": 258, ""34"": 1, ""35"": 84}"
41677,0,452,1.7320508075688774,8.024922359499621,2978,3.0,140.50000000000017,0,minerals,2p,sav_007,7.066006,2793,2829,2726,2810,2801,2765,2721,2755,2823,2874,2764,2788,2770,2661,2797,"{""1"": 2793, ""10"": 2829, ""11"": 2726, ""12"": 2810, ""13"": 2801, ""14"": 2765, ""15"": 2721, ""2"": 2755, ""3"": 2823, ""4"": 2874, ""5"": 2764, ""6"": 2788, ""7"": 2770, ""8"": 2661, ""9"": 2797}",15,7.98044484967728,8.0,1,332601,"{""128"": 5308, ""129"": 987, ""32"": 31103, ""33"": 2946, ""34"": 23, ""35"": 1310}"
40933,0,7751,1.7320508075688776,7.071067811865475,151,2.0,12.0,12,fish,2p,sav_007,6.939867,3410,2647,2635,2719,2651,2752,2621,2752,2668,2780,2699,2662,2570,2675,2692,"{""1"": 3410, ""10"": 2647, ""11"": 2635, ""12"": 2719, ""13"": 2651, ""14"": 2752, ""15"": 2621, ""2"": 2752, ""3"": 2668, ""4"": 2780, ""5"": 2699, ""6"": 2662, ""7"": 2570, ""8"": 2675, ""9"": 2692}",15,7.854591649769135,8.0,1,321512,"{""0"": 3108, ""1"": 2868, ""2"": 2601, ""3"": 2342, ""4"": 2173, ""5"": 2017, ""6"": 1970, ""7"": 23854}"
0,0,0,0.0,0.0,0,0.0,0.0,0,unknown,2p,sav_007,0.0,0,0,0,0,0,0,0,0,0,0,0,0,0,0,0,"{""1"": 0, ""10"": 0, ""11"": 0, ""12"": 0, ""13"": 0, ""14"": 0, ""15"": 0, ""2"": 0, ""3"": 0, ""4"": 0, ""5"": 0, ""6"": 0, ""7"": 0, ""8"": 0, ""9"": 0}",0,0.0,0.0,0,0,{}
19304,0,1209,1.4625213294743866,7.071067811865475,567,2.0,46.0,0,coal,2p,sav_008,3.272841,1218,1324,1312,1269,1273,1296,1270,1282,1302,1294,1301,1289,1231,1341,1302,"{""1"": 1218, ""10"": 1324, ""11"": 1312, ""12"": 1269, ""13"": 1273, ""14"": 1296, ""15"": 1270, ""2"": 1282, ""3"": 1302, ""4"": 1294, ""5"": 1301, ""6"": 1289, ""7"": 1231, ""8"": 1341, ""9"": 1302}",15,8.019529631164525,8.0,1,154809,"{""128"": 2497, ""129"": 580, ""32"": 13780, ""33"": 1740, ""34"": 6, ""35"": 701}"
9584,0,560,1.7077671958985732,7.071067811865475,234,2.0,53.0,0,iron,2p,sav_008,1.624891,661,620,665,633,651,582,678,648,659,670,613,641,606,623,634,"{""1"": 661, ""10"": 620, ""11"": 665, ""12"": 633, ""13"": 651, ""14"": 582, ""15"": 678, ""2"": 648, ""3"": 659, ""4"": 670, ""5"": 613, ""6"": 641, ""7"": 606, ""8"": 623, ""9"": 634}",15,7.966297996661102,8.0,1,76349,"{""128"": 1251, ""129"": 302, ""32"": 6728, ""33"": 953, ""34"": 2, ""35"": 348}"
4908,0,290,1.7865962570800695,8.082903768654761,157,5.0,51.0,0,gold,2p,sav_008,0.832113,336,328,346,322,320,276,321,317,326,322,344,331,364,318,337,"{""1"": 336, ""10"": 328, ""11"": 346, ""12"": 322, ""13"": 320, ""14"": 276, ""15"": 321, ""2"": 317, ""3"": 326, ""4"": 322, ""5"": 344, ""6"": 331, ""7"": 364, ""8"": 318, ""9"": 337}",15,7.916870415647922,8.0,1,38856,"{""128"": 439, ""129"": 105, ""32"": 3709, ""33"": 501, ""34"": 1, ""35"": 153}"
2282,0,94,1.7855960628122378,9.022670168666455,171,10.5,63.500000000000014,0,gems,2p,sav_008,0.386895,164,150,171,147,151,158,148,153,145,132,155,157,141,172,138,"{""1"": 164, ""10"": 150, ""11"": 171, ""12"": 147, ""13"": 151, ""14"": 158, ""15"": 148, ""2"": 153, ""3"": 145, ""4"": 132, ""5"": 155, ""6"": 157, ""7"": 141, ""8"": 172, ""9"": 138}",15,8.0170902716915,8.0,1,18295,"{""128"": 205, ""129"": 86, ""32"": 1732, ""33"": 152, ""35"": 107}"
3000,0,118,1.7320508075688772,9.519399037242694,120,19.0,56.19999999999999,0,sulfur,2p,sav_008,0.508626,195,186,217,198,195,181,201,202,210,234,212,185,187,202,195,"{""1"": 195, ""10"": 186, ""11"": 217, ""12"": 198, ""13"": 195, ""14"": 181, ""15"": 201, ""2"": 202, ""3"": 210, ""4"": 234, ""5"": 212, ""6"": 185, ""7"": 187, ""8"": 202, ""9"": 195}",15,7.907333333333334,8.0,1,23722,"{""128"": 177, ""129"": 49, ""32"": 2467, ""33"": 225, ""34"": 2, ""35"": 80}"
39078,0,503,1.7750885808204966,8.0,4354,3.0,136.8,0,minerals,2p,sav_008,6.625366,2574,2608,2711,2569,2590,2493,2618,2602,2642,2652,2625,2603,2529,2656,2606,"{""1"": 2574, ""10"": 2608, ""11"": 2711, ""12"": 2569, ""13"": 2590, ""14"": 2493, ""15"": 2618, ""2"": 2602, ""3"": 2642, ""4"": 2652, ""5"": 2625, ""6"": 2603, ""7"": 2529, ""8"": 2656, ""9"": 2606}",15,7.9848252213521675,8.0,1,312031,"{""128"": 4569, ""129"": 1122, ""32"": 28416, ""33"": 3571, ""34"": 11, ""35"": 1389}"
46761,0,8867,1.7320508075688774,7.071067811865475,164,2.0,12.0,11,fish,2p,sav_008,7.927958,3717,3034,3132,3015,3106,2986,3030,3092,3137,3046,3016,3056,3111,3156,3127,"{""1"": 3717, ""10"": 3034, ""11"": 3132, ""12"": 3015, ""13"": 3106, ""14"": 2986, ""15"": 3030, ""2"": 3092, ""3"": 3137, ""4"": 3046, ""5"": 3016, ""6"": 3056, ""7"": 3111, ""8"": 3156, ""9"": 3127}",15,7.884433609204251,8.0,1,368684,"{""0"": 3385, ""1"": 3091, ""2"": 2757, ""3"": 2704, ""4"": 2370, ""5"": 2213, ""6"": 2116, ""7"": 28125}"
0,0,0,0.0,0.0,0,0.0,0.0,0,unknown,2p,sav_008,0.0,0,0,0,0,0,0,0,0,0,0,0,0,0,0,0,"{""1"": 0, ""10"": 0, ""11"": 0, ""12"": 0, ""13"": 0, ""14"": 0, ""15"": 0, ""2"": 0, ""3"": 0, ""4"": 0, ""5"": 0, ""6"": 0, ""7"": 0, ""8"": 0, ""9"": 0}",0,0.0,0.0,0,0,{}
20358,0,1185,1.327541635931253,7.071067811865475,427,2.0,49.0,0,coal,20p,sav_009,3.451538,1363,1352,1347,1379,1361,1317,1316,1381,1373,1443,1399,1315,1363,1347,1302,"{""1"": 1363, ""10"": 1352, ""11"": 1347, ""12"": 1379, ""13"": 1361, ""14"": 1317, ""15"": 1316, ""2"": 1381, ""3"": 1373, ""4"": 1443, ""5"": 1399, ""6"": 1315, ""7"": 1363, ""8"": 1347, ""9"": 1302}",15,7.942430494154632,8.0,1,161692,"{""128"": 2463, ""129"": 419, ""32"": 15308, ""33"": 1590, ""34"": 9, ""35"": 569}"
8456,0,547,1.7320508075688772,7.071067811865475,166,3.0,49.400000000000034,0,iron,20p,sav_009,1.433648,580,602,561,551,517,538,564,520,610,575,543,589,569,572,565,"{""1"": 580, ""10"": 602, ""11"": 561, ""12"": 551, ""13"": 517, ""14"": 538, ""15"": 564, ""2"": 520, ""3"": 610, ""4"": 575, ""5"": 543, ""6"": 589, ""7"": 569, ""8"": 572, ""9"": 565}",15,7.94217123935667,8.0,1,67159,"{""128"": 1125, ""129"": 244, ""32"": 6114, ""33"": 680, ""34"": 5, ""35"": 288}"
6219,0,331,1.7466796398860749,8.049844718999243,238,4.0,55.0,0,gold,20p,sav_009,1.054382,430,404,395,420,428,399,440,433,397,408,417,394,398,421,435,"{""1"": 430, ""10"": 404, ""11"": 395, ""12"": 420, ""13"": 428, ""14"": 399, ""15"": 440, ""2"": 433, ""3"": 397, ""4"": 408, ""5"": 417, ""6"": 394, ""7"": 398, ""8"": 421, ""9"": 435}",15,8.009647853352629,8.0,1,49812,"{""128"": 978, ""129"": 173, ""32"": 4427, ""33"": 438, ""34"": 4, ""35"": 199}"
2278,0,115,1.7406730554723004,8.442317648177381,134,8.0,54.0,0,gems,20p,sav_009,0.386217,175,156,159,167,160,160,145,123,132,152,148,160,145,147,149,"{""1"": 175, ""10"": 156, ""11"": 159, ""12"": 167, ""13"": 160, ""14"": 160, ""15"": 145, ""2"": 123, ""3"": 132, ""4"": 152, ""5"": 148, ""6"": 160, ""7"": 145, ""8"": 147, ""9"": 149}",15,8.105794556628622,8.0,1,18465,"{""128"": 240, ""129"": 35, ""32"": 1744, ""33"": 205, ""34"": 2, ""35"": 52}"
4018,0,145,1.766597967721889,9.85900603509299,139,18.0,69.79999999999998,0,sulfur,20p,sav_009,0.68122,253,266,252,272,281,259,273,258,283,263,273,269,266,268,282,"{""1"": 253, ""10"": 266, ""11"": 252, ""12"": 272, ""13"": 281, ""14"": 259, ""15"": 273, ""2"": 258, ""3"": 283, ""4"": 263, ""5"": 273, ""6"": 269, ""7"": 266, ""8"": 268, ""9"": 282}",15,8.029616724738675,8.0,1,32263,"{""128"": 367, ""129"": 135, ""32"": 3133, ""33"": 211, ""35"": 172}"
41329,0,422,1.7320508075688772,8.04155444787084,2821,4.0,258.7000000000001,0,minerals,20p,sav_009,7.007005,2801,2780,2714,2789,2747,2673,2738,2715,2795,2841,2780,2727,2741,2755,2733,"{""1"": 2801, ""10"": 2780, ""11"": 2714, ""12"": 2789, ""13"": 2747, ""14"": 2673, ""15"": 2738, ""2"": 2715, ""3"": 2795, ""4"": 2841, ""5"": 2780, ""6"": 2727, ""7"": 2741, ""8"": 2755, ""9"": 2733}",15,7.969972658423867,8.0,1,329391,"{""128"": 5173, ""129"": 1006, ""32"": 30726, ""33"": 3124, ""34"": 20, ""35"": 1280}"
44235,0,8339,1.7320508075688776,7.071067811865475,146,2.0,13.0,11,fish,20p,sav_009,7.499695,3557,2875,2913,2931,2938,2843,2915,2914,2889,2911,2913,2909,2847,2822,3058,"{""1"": 3557, ""10"": 2875, ""11"": 2913, ""12"": 2931, ""13"": 2938, ""14"": 2843, ""15"": 2915, ""2"": 2914, ""3"": 2889, ""4"": 2911, ""5"": 2913, ""6"": 2909, ""7"": 2847, ""8"": 2822, ""9"": 3058}",15,7.899355713801288,8.0,1,349428,"{""0"": 3564, ""1"": 3224, ""2"": 2949, ""3"": 2692, ""4"": 2468, ""5"": 2169, ""6"": 1996, ""7"": 25173}"
0,0,0,0.0,0.0,0,0.0,0.0,0,unknown,20p,sav_009,0.0,0,0,0,0,0,0,0,0,0,0,0,0,0,0,0,"{""1"": 0, ""10"": 0, ""11"": 0, ""12"": 0, ""13"": 0, ""14"": 0, ""15"": 0, ""2"": 0, ""3"": 0, ""4"": 0, ""5"": 0, ""6"": 0, ""7"": 0, ""8"": 0, ""9"": 0}",0,0.0,0.0,0,0,{}
18745,0,1215,1.416897655247236,7.071067811865475,850,2.0,38.20000000000027,0,coal,20p,sav_010,3.178067,1265,1326,1211,1272,1257,1210,1232,1244,1296,1148,1176,1200,1278,1334,1296,"{""1"": 1265, ""10"": 1326, ""11"": 1211, ""12"": 1272, ""13"": 1257, ""14"": 1210, ""15"": 1232, ""2"": 1244, ""3"": 1296, ""4"": 1148, ""5"": 1176, ""6"": 1200, ""7"": 1278, ""8"": 1334, ""9"": 1296}",15,8.012856761803148,8.0,1,150201,"{""128"": 2359, ""129"": 430, ""32"": 13785, ""33"": 1650, ""34"": 12, ""35"": 509}"
8751,0,510,1.6211749774703212,7.071067811865475,299,2.0,56.10000000000002,0,iron,20p,sav_010,1.483663,585,595,590,544,625,551,562,577,611,564,574,584,566,614,609,"{""1"": 585, ""10"": 595, ""11"": 590, ""12"": 544, ""13"": 625, ""14"": 551, ""15"": 562, ""2"": 577, ""3"": 611, ""4"": 564, ""5"": 574, ""6"": 584, ""7"": 566, ""8"": 614, ""9"": 609}",15,7.975545651925494,8.0,1,69794,"{""128"": 1382, ""129"": 185, ""32"": 6232, ""33"": 722, ""34"": 1, ""35"": 229}"
6016,0,331,1.7320508075688774,8.049844718999243,150,5.0,52.0,0,gold,20p,sav_010,1.019965,384,416,430,391,430,371,395,428,400,388,402,404,393,364,420,"{""1"": 384, ""10"": 416, ""11"": 430, ""12"": 391, ""13"": 430, ""14"": 371, ""15"": 395, ""2"": 428, ""3"": 400, ""4"": 388, ""5"": 402, ""6"": 404, ""7"": 393, ""8"": 364, ""9"": 420}",15,8.00531914893617,8.0,1,48160,"{""128"": 854, ""129"": 144, ""32"": 4389, ""33"": 469, ""34"": 4, ""35"": 156}"
2346,0,108,1.7940816297322693,8.315218406202998,81,7.0,63.0,0,gems,20p,sav_010,0.397746,176,152,145,145,190,151,137,146,154,152,177,176,139,156,150,"{""1"": 176, ""10"": 152, ""11"": 145, ""12"": 145, ""13"": 190, ""14"": 151, ""15"": 137, ""2"": 146, ""3"": 154, ""4"": 152, ""5"": 177, ""6"": 176, ""7"": 139, ""8"": 156, ""9"": 150}",15,7.904518329070759,8.0,1,18544,"{""128"": 195, ""129"": 47, ""32"": 1846, ""33"": 193, ""34"": 2, ""35"": 63}"
2774,0,151,1.7452823274296587,8.426962598121401,90,5.0,48.0,0,sulfur,20p,sav_010,0.47031,190,178,215,194,184,163,172,192,195,175,184,210,163,176,183,"{""1"": 190, ""10"": 178, ""11"": 215, ""12"": 194, ""13"": 184, ""14"": 163, ""15"": 172, ""2"": 192, ""3"": 195, ""4"": 175, ""5"": 184, ""6"": 210, ""7"": 163, ""8"": 176, ""9"": 183}",15,7.917087238644557,8.0,1,21962,"{""128"": 341, ""129"": 90, ""32"": 1972, ""33"": 242, ""34"": 5, ""35"": 124}"
38632,0,495,1.738232194522805,7.155417527999327,2902,3.0,182.0000000000001,0,minerals,20p,sav_010,6.54975,2600,2667,2591,2546,2686,2446,2498,2587,2656,2427,2513,2574,2539,2644,2658,"{""1"": 2600, ""10"": 2667, ""11"": 2591, ""12"": 2546, ""13"": 2686, ""14"": 2446, ""15"": 2498, ""2"": 2587, ""3"": 2656, ""4"": 2427, ""5"": 2513, ""6"": 2574, ""7"": 2539, ""8"": 2644, ""9"": 2658}",15,7.989775315800372,8.0,1,308661,"{""128"": 5131, ""129"": 896, ""32"": 28224, ""33"": 3276, ""34"": 24, ""35"": 1081}"
46989,0,9177,1.7320508075688776,7.071067811865475,161,2.0,12.0,15,fish,20p,sav_010,7.966614,3788,3132,3118,2981,3125,2946,3055,3145,3174,3066,3124,3145,3081,3084,3025,"{""1"": 3788, ""10"": 3132, ""11"": 3118, ""12"": 2981, ""13"": 3125, ""14"": 2946, ""15"": 3055, ""2"": 3145, ""3"": 3174, ""4"": 3066, ""5"": 3124, ""6"": 3145, ""7"": 3081, ""8"": 3084, ""9"": 3025}",15,7.850816148460278,8.0,1,368902,"{""0"": 3976, ""1"": 3595, ""2"": 3218, ""3"": 2856, ""4"": 2509, ""5"": 2290, ""6"": 2117, ""7"": 26428}"
0,0,0,0.0,0.0,0,0.0,0.0,0,unknown,20p,sav_010,0.0,0,0,0,0,0,0,0,0,0,0,0,0,0,0,0,"{""1"": 0, ""10"": 0, ""11"": 0, ""12"": 0, ""13"": 0, ""14"": 0, ""15"": 0, ""2"": 0, ""3"": 0, ""4"": 0, ""5"": 0, ""6"": 0, ""7"": 0, ""8"": 0, ""9"": 0}",0,0.0,0.0,0,0,{}
19883,0,1228,1.4513255164817758,7.071067811865475,760,2.0,41.0,0,coal,20p,sav_011,3.371006,1263,1365,1280,1398,1345,1303,1288,1302,1330,1376,1372,1328,1340,1308,1285,"{""1"": 1263, ""10"": 1365, ""11"": 1280, ""12"": 1398, ""13"": 1345, ""14"": 1303, ""15"": 1288, ""2"": 1302, ""3"": 1330, ""4"": 1376, ""5"": 1372, ""6"": 1328, ""7"": 1340, ""8"": 1308, ""9"": 1285}",15,8.004375597243877,8.0,1,159151,"{""128"": 2723, ""129"": 552, ""32"": 14113, ""33"": 1716, ""34"": 4, ""35"": 775}"
8068,0,528,1.7320508075688772,7.155417527999327,170,3.0,47.0,0,iron,20p,sav_011,1.367866,482,524,527,541,556,549,554,499,565,546,520,568,519,567,551,"{""1"": 482, ""10"": 524, ""11"": 527, ""12"": 541, ""13"": 556, ""14"": 549, ""15"": 554, ""2"": 499, ""3"": 565, ""4"": 546, ""5"": 520, ""6"": 568, ""7"": 519, ""8"": 567, ""9"": 551}",15,8.087258304412494,8.0,1,65248,"{""128"": 916, ""129"": 215, ""32"": 5945, ""33"": 735, ""34"": 1, ""35"": 256}"
6087,0,326,1.7320284449763232,8.082903768654761,177,6.0,57.0,0,gold,20p,sav_011,1.032003,382,408,399,427,394,415,427,411,393,402,362,435,420,396,416,"{""1"": 382, ""10"": 408, ""11"": 399, ""12"": 427, ""13"": 394, ""14"": 415, ""15"": 427, ""2"": 411, ""3"": 393, ""4"": 402, ""5"": 362, ""6"": 435, ""7"": 420, ""8"": 396, ""9"": 416}",15,8.08164941678988,8.0,1,49193,"{""128"": 843, ""129"": 200, ""32"": 4240, ""33"": 551, ""34"": 1, ""35"": 252}"
1807,0,127,1.7320508075688772,7.839294959021855,108,3.0,45.0,0,gems,20p,sav_011,0.306363,107,136,101,134,126,116,128,116,122,128,111,122,108,118,134,"{""1"": 107, ""10"": 136, ""11"": 101, ""12"": 134, ""13"": 126, ""14"": 116, ""15"": 128, ""2"": 116, ""3"": 122, ""4"": 128, ""5"": 111, ""6"": 122, ""7"": 108, ""8"": 118, ""9"": 134}",15,8.118981737686774,8.0,1,14671,"{""128"": 289, ""129"": 50, ""32"": 1229, ""33"": 180, ""35"": 59}"
2976,0,138,1.8020849825232625,9.202240342777394,119,9.0,56.599999999999994,0,sulfur,20p,sav_011,0.504557,215,184,194,172,197,230,207,180,207,177,208,199,213,194,199,"{""1"": 215, ""10"": 184, ""11"": 194, ""12"": 172, ""13"": 197, ""14"": 230, ""15"": 207, ""2"": 180, ""3"": 207, ""4"": 177, ""5"": 208, ""6"": 199, ""7"": 213, ""8"": 194, ""9"": 199}",15,8.029569892473118,8.0,1,23896,"{""128"": 348, ""129"": 58, ""32"": 2194, ""33"": 281, ""34"": 1, ""35"": 94}"
38821,0,525,1.7320508075688776,7.559289460184544,4124,3.0,148.4000000000001,0,minerals,20p,sav_011,6.581794,2449,2617,2501,2672,2618,2613,2604,2508,2617,2629,2573,2652,2600,2583,2585,"{""1"": 2449, ""10"": 2617, ""11"": 2501, ""12"": 2672, ""13"": 2618, ""14"": 2613, ""15"": 2604, ""2"": 2508, ""3"": 2617, ""4"": 2629, ""5"": 2573, ""6"": 2652, ""7"": 2600, ""8"": 2583, ""9"": 2585}",15,8.040982973133097,8.0,1,312159,"{""128"": 5119, ""129"": 1075, ""32"": 27721, ""33"": 3463, ""34"": 7, ""35"": 1436}"
48701,0,9323,1.7320508075688772,7.071067811865475,158,2.0,12.0,7,fish,20p,sav_011,8.25687,4045,3222,3188,3196,3299,3206,3144,3228,3087,3151,3184,3197,3197,3221,3136,"{""1"": 4045, ""10"": 3222, ""11"": 3188, ""12"": 3196, ""13"": 3299, ""14"": 3206, ""15"": 3144, ""2"": 3228, ""3"": 3087, ""4"": 3151, ""5"": 3184, ""6"": 3197, ""7"": 3197, ""8"": 3221, ""9"": 3136}",15,7.893267078704749,8.0,1,384410,"{""0"": 3802, ""1"": 3440, ""2"": 3162, ""3"": 2846, ""4"": 2656, ""5"": 2429, ""6"": 2279, ""7"": 28087}"
0,0,0,0.0,0.0,0,0.0,0.0,0,unknown,20p,sav_011,0.0,0,0,0,0,0,0,0,0,0,0,0,0,0,0,0,"{""1"": 0, ""10"": 0, ""11"": 0, ""12"": 0, ""13"": 0, ""14"": 0, ""15"": 0, ""2"": 0, ""3"": 0, ""4"": 0, ""5"": 0, ""6"": 0, ""7"": 0, ""8"": 0, ""9"": 0}",0,0.0,0.0,0,0,{}
20808,0,1256,1.3599559933688752,7.071067811865475,525,2.0,41.0,0,coal,20p,sav_012,3.527832,1424,1346,1401,1346,1424,1382,1401,1377,1364,1430,1331,1461,1377,1364,1380,"{""1"": 1424, ""10"": 1346, ""11"": 1401, ""12"": 1346, ""13"": 1424, ""14"": 1382, ""15"": 1401, ""2"": 1377, ""3"": 1364, ""4"": 1430, ""5"": 1331, ""6"": 1461, ""7"": 1377, ""8"": 1364, ""9"": 1380}",15,7.991157247212611,8.0,1,166280,"{""128"": 2836, ""129"": 472, ""32"": 15168, ""33"": 1742, ""34"": 8, ""35"": 582}"
9000,0,537,1.7320508075688772,8.0,200,4.0,50.400000000000034,0,iron,20p,sav_012,1.525879,607,618,604,616,573,605,603,638,624,602,571,574,606,601,558,"{""1"": 607, ""10"": 618, ""11"": 604, ""12"": 616, ""13"": 573, ""14"": 605, ""15"": 603, ""2"": 638, ""3"": 624, ""4"": 602, ""5"": 571, ""6"": 574, ""7"": 606, ""8"": 601, ""9"": 558}",15,7.968222222222222,8.0,1,71714,"{""128"": 1392, ""129"": 174, ""32"": 6379, ""33"": 843, ""34"": 1, ""35"": 211}"
5903,0,312,1.7665408186948466,8.091768327661066,164,5.0,55.900000000000034,0,gold,20p,sav_012,1.000807,398,388,419,362,364,375,383,433,401,388,416,407,380,395,394,"{""1"": 398, ""10"": 388, ""11"": 419, ""12"": 362, ""13"": 364, ""14"": 375, ""15"": 383, ""2"": 433, ""3"": 401, ""4"": 388, ""5"": 416, ""6"": 407, ""7"": 380, ""8"": 395, ""9"": 394}",15,7.871760121971879,8.0,1,46467,"{""128"": 747, ""129"": 119, ""32"": 4311, ""33"": 594, ""34"": 1, ""35"": 131}"
2304,0,125,1.7593038678319963,8.398412548412548,103,6.0,49.60000000000001,0,gems,20p,sav_012,0.390625,163,175,145,151,138,136,143,169,148,159,150,160,166,155,146,"{""1"": 163, ""10"": 175, ""11"": 145, ""12"": 151, ""13"": 138, ""14"": 136, ""15"": 143, ""2"": 169, ""3"": 148, ""4"": 159, ""5"": 150, ""6"": 160, ""7"": 166, ""8"": 155, ""9"": 146}",15,7.815538194444445,8.0,1,18007,"{""128"": 312, ""129"": 33, ""32"": 1670, ""33"": 245, ""35"": 44}"
3092,0,159,1.7441959217822534,8.315218406202998,125,7.0,54.400000000000034,0,sulfur,20p,sav_012,0.524224,183,211,199,195,216,205,193,257,204,195,219,210,193,211,201,"{""1"": 183, ""10"": 211, ""11"": 199, ""12"": 195, ""13"": 216, ""14"": 205, ""15"": 193, ""2"": 257, ""3"": 204, ""4"": 195, ""5"": 219, ""6"": 210, ""7"": 193, ""8"": 211, ""9"": 201}",15,7.92496765847348,8.0,1,24504,"{""128"": 323, ""129"": 68, ""32"": 2254, ""33"": 342, ""35"": 105}"
41107,0,517,1.7327420296893776,8.0,3819,3.0,139.80000000000007,0,minerals,20p,sav_012,6.969367,2775,2738,2768,2670,2715,2703,2723,2874,2741,2774,2687,2812,2722,2726,2679,"{""1"": 2775, ""10"": 2738, ""11"": 2768, ""12"": 2670, ""13"": 2715, ""14"": 2703, ""15"": 2723, ""2"": 2874, ""3"": 2741, ""4"": 2774, ""5"": 2687, ""6"": 2812, ""7"": 2722, ""8"": 2726, ""9"": 2679}",15,7.954168389811954,8.0,1,326972,"{""128"": 5610, ""129"": 866, ""32"": 29782, ""33"": 3766, ""34"": 10, ""35"": 1073}"
41372,0,7894,1.7320508075688772,7.071067811865475,146,2.0,13.0,15,fish,20p,sav_012,7.014296,3470,2726,2724,2699,2747,2616,2684,2709,2687,2674,2688,2786,2669,2741,2752,"{""1"": 3470, ""10"": 2726, ""11"": 2724, ""12"": 2699, ""13"": 2747, ""14"": 2616, ""15"": 2684, ""2"": 2709, ""3"": 2687, ""4"": 2674, ""5"": 2688, ""6"": 2786, ""7"": 2669, ""8"": 2741, ""9"": 2752}",15,7.864908633858648,8.0,1,325387,"{""0"": 2846, ""1"": 2594, ""2"": 2469, ""3"": 2287, ""4"": 2070, ""5"": 1895, ""6"": 1851, ""7"": 25360}"
0,0,0,0.0,0.0,0,0.0,0.0,0,unknown,20p,sav_012,0.0,0,0,0,0,0,0,0,0,0,0,0,0,0,0,0,"{""1"": 0, ""10"": 0, ""11"": 0, ""12"": 0, ""13"": 0, ""14"": 0, ""15"": 0, ""2"": 0, ""3"": 0, ""4"": 0, ""5"": 0, ""6"": 0, ""7"": 0, ""8"": 0, ""9"": 0}",0,0.0,0.0,0,0,{}
19344,0,1252,1.3855580763753692,7.071067811865475,600,2.0,47.0,0,coal,20p,sav_013,3.279622,1300,1254,1250,1306,1337,1285,1315,1337,1280,1290,1259,1238,1329,1272,1292,"{""1"": 1300, ""10"": 1254, ""11"": 1250, ""12"": 1306, ""13"": 1337, ""14"": 1285, ""15"": 1315, ""2"": 1337, ""3"": 1280, ""4"": 1290, ""5"": 1259, ""6"": 1238, ""7"": 1329, ""8"": 1272, ""9"": 1292}",15,8.005686517783293,8.0,1,154862,"{""128"": 2203, ""129"": 478, ""32"": 14292, ""33"": 1755, ""34"": 8, ""35"": 608}"
9100,0,560,1.7320508075688772,7.598021348499628,169,3.0,50.0,0,iron,20p,sav_013,1.542833,640,591,593,585,616,646,626,579,616,643,599,562,603,611,590,"{""1"": 640, ""10"": 591, ""11"": 593, ""12"": 585, ""13"": 616, ""14"": 646, ""15"": 626, ""2"": 579, ""3"": 616, ""4"": 643, ""5"": 599, ""6"": 562, ""7"": 603, ""8"": 611, ""9"": 590}",15,8.010879120879121,8.0,1,72899,"{""128"": 1302, ""129"": 208, ""32"": 6452, ""33"": 861, ""34"": 8, ""35"": 269}"
6021,0,295,1.7320508075688772,8.427009716003845,250,5.0,54.0,0,gold,20p,sav_013,1.020813,427,407,413,372,402,410,372,391,418,399,393,398,410,408,401,"{""1"": 427, ""10"": 407, ""11"": 413, ""12"": 372, ""13"": 402, ""14"": 410, ""15"": 372, ""2"": 391, ""3"": 418, ""4"": 399, ""5"": 393, ""6"": 398, ""7"": 410, ""8"": 408, ""9"": 401}",15,7.935226706527155,8.0,1,47778,"{""128"": 820, ""129"": 147, ""32"": 4283, ""33"": 569, ""34"": 4, ""35"": 198}"
2044,0,96,1.6446534197061173,8.164557509945041,110,6.5,57.0,0,gems,20p,sav_013,0.346544,128,138,131,143,134,123,139,128,127,126,144,149,141,133,160,"{""1"": 128, ""10"": 138, ""11"": 131, ""12"": 143, ""13"": 134, ""14"": 123, ""15"": 139, ""2"": 128, ""3"": 127, ""4"": 126, ""5"": 144, ""6"": 149, ""7"": 141, ""8"": 133, ""9"": 160}",15,8.052837573385519,8.0,1,16460,"{""128"": 249, ""129"": 57, ""32"": 1493, ""33"": 156, ""34"": 2, ""35"": 87}"
2808,0,154,1.7174737955815553,8.03680945851401,92,3.5,55.70000000000002,0,sulfur,20p,sav_013,0.476074,200,171,182,192,162,182,197,195,200,189,191,214,188,155,190,"{""1"": 200, ""10"": 171, ""11"": 182, ""12"": 192, ""13"": 162, ""14"": 182, ""15"": 197, ""2"": 195, ""3"": 200, ""4"": 189, ""5"": 191, ""6"": 214, ""7"": 188, ""8"": 155, ""9"": 190}",15,7.861823361823362,8.0,1,22076,"{""128"": 446, ""129"": 110, ""32"": 1807, ""33"": 330, ""35"": 115}"
39317,0,518,1.7320508075688772,8.082903768654761,4714,4.0,163.60000000000002,0,minerals,20p,sav_013,6.665887,2695,2561,2569,2598,2651,2646,2649,2630,2641,2647,2586,2561,2671,2579,2633,"{""1"": 2695, ""10"": 2561, ""11"": 2569, ""12"": 2598, ""13"": 2651, ""14"": 2646, ""15"": 2649, ""2"": 2630, ""3"": 2641, ""4"": 2647, ""5"": 2586, ""6"": 2561, ""7"": 2671, ""8"": 2579, ""9"": 2633}",15,7.988274792074675,8.0,1,314075,"{""128"": 5020, ""129"": 1000, ""32"": 28327, ""33"": 3671, ""34"": 22, ""35"": 1277}"
43065,0,8462,1.7320508075688776,7.071067811865475,229,2.0,12.0,11,fish,20p,sav_013,7.301331,3680,2865,2882,2876,2681,2857,2762,2882,2880,2802,2790,2785,2807,2800,2716,"{""1"": 3680, ""10"": 2865, ""11"": 2882, ""12"": 2876, ""13"": 2681, ""14"": 2857, ""15"": 2762, ""2"": 2882, ""3"": 2880, ""4"": 2802, ""5"": 2790, ""6"": 2785, ""7"": 2807, ""8"": 2800, ""9"": 2716}",15,7.839080459770115,8.0,1,337590,"{""0"": 3517, ""1"": 3202, ""2"": 2911, ""3"": 2545, ""4"": 2375, ""5"": 2027, ""6"": 1860, ""7"": 24628}"
0,0,0,0.0,0.0,0,0.0,0.0,0,unknown,20p,sav_013,0.0,0,0,0,0,0,0,0,0,0,0,0,0,0,0,0,"{""1"": 0, ""10"": 0, ""11"": 0, ""12"": 0, ""13"": 0, ""14"": 0, ""15"": 0, ""2"": 0, ""3"": 0, ""4"": 0, ""5"": 0, ""6"": 0, ""7"": 0, ""8"": 0, ""9"": 0}",0,0.0,0.0,0,0,{}
20718,0,1210,1.3964621703824083,7.071067811865475,450,2.0,47.0,0,coal,20p,sav_014,3.512573,1426,1376,1351,1425,1347,1456,1387,1370,1350,1414,1429,1342,1316,1338,1391,"{""1"": 1426, ""10"": 1376, ""11"": 1351, ""12"": 1425, ""13"": 1347, ""14"": 1456, ""15"": 1387, ""2"": 1370, ""3"": 1350, ""4"": 1414, ""5"": 1429, ""6"": 1342, ""7"": 1316, ""8"": 1338, ""9"": 1391}",15,8.008736364513949,8.0,1,165925,"{""128"": 2480, ""129"": 439, ""32"": 15383, ""33"": 1843, ""34"": 3, ""35"": 570}"
8486,0,467,1.732050807568877,8.0,290,3.0,55.400000000000034,0,iron,20p,sav_014,1.438734,561,542,627,551,560,587,562,554,583,593,552,544,529,549,592,"{""1"": 561, ""10"": 542, ""11"": 627, ""12"": 551, ""13"": 560, ""14"": 587, ""15"": 562, ""2"": 554, ""3"": 583, ""4"": 593, ""5"": 552, ""6"": 544, ""7"": 529, ""8"": 549, ""9"": 592}",15,8.024275276926703,8.0,1,68094,"{""128"": 1174, ""129"": 165, ""32"": 6225, ""33"": 713, ""34"": 1, ""35"": 208}"
6408,0,362,1.7923180335812634,8.082903768654761,150,4.0,53.0,0,gold,20p,sav_014,1.086426,403,456,433,431,398,437,442,400,452,413,407,447,444,448,397,"{""1"": 403, ""10"": 456, ""11"": 433, ""12"": 431, ""13"": 398, ""14"": 437, ""15"": 442, ""2"": 400, ""3"": 452, ""4"": 413, ""5"": 407, ""6"": 447, ""7"": 444, ""8"": 448, ""9"": 397}",15,8.053995006242197,8.0,1,51610,"{""128"": 732, ""129"": 133, ""32"": 4844, ""33"": 541, ""34"": 2, ""35"": 156}"
1904,0,115,1.8193046331017266,8.082903768654761,128,4.0,50.60000000000001,0,gems,20p,sav_014,0.322808,113,110,116,137,135,157,135,121,129,129,117,148,127,100,130,"{""1"": 113, ""10"": 110, ""11"": 116, ""12"": 137, ""13"": 135, ""14"": 157, ""15"": 135, ""2"": 121, ""3"": 129, ""4"": 129, ""5"": 117, ""6"": 148, ""7"": 127, ""8"": 100, ""9"": 130}",15,8.186974789915967,8.0,1,15588,"{""128"": 295, ""129"": 57, ""32"": 1373, ""33"": 112, ""35"": 67}"
2734,0,168,1.7782196203914749,8.97213595499958,70,6.5,46.0,0,sulfur,20p,sav_014,0.463528,164,184,184,195,165,187,214,210,174,173,156,167,196,187,178,"{""1"": 164, ""10"": 184, ""11"": 184, ""12"": 195, ""13"": 165, ""14"": 187, ""15"": 214, ""2"": 210, ""3"": 174, ""4"": 173, ""5"": 156, ""6"": 167, ""7"": 196, ""8"": 187, ""9"": 178}",15,8.129846378931967,8.0,1,22227,"{""128"": 456, ""129"": 56, ""32"": 1842, ""33"": 314, ""35"": 66}"
40250,0,529,1.7320508075688772,7.071067811865475,4438,3.0,107.59999999999997,0,minerals,20p,sav_014,6.82407,2667,2668,2711,2739,2605,2824,2740,2655,2688,2722,2661,2648,2612,2622,2688,"{""1"": 2667, ""10"": 2668, ""11"": 2711, ""12"": 2739, ""13"": 2605, ""14"": 2824, ""15"": 2740, ""2"": 2655, ""3"": 2688, ""4"": 2722, ""5"": 2661, ""6"": 2648, ""7"": 2612, ""8"": 2622, ""9"": 2688}",15,8.035875776397516,8.0,1,323444,"{""128"": 5137, ""129"": 850, ""32"": 29667, ""33"": 3523, ""34"": 6, ""35"": 1067}"
42013,0,8064,1.8143093402760382,7.071067811865475,128,2.0,13.0,10,fish,20p,sav_014,7.122972,3485,2722,2827,2754,2743,2700,2682,2796,2771,2768,2711,2787,2738,2750,2779,"{""1"": 3485, ""10"": 2722, ""11"": 2827, ""12"": 2754, ""13"": 2743, ""14"": 2700, ""15"": 2682, ""2"": 2796, ""3"": 2771, ""4"": 2768, ""5"": 2711, ""6"": 2787, ""7"": 2738, ""8"": 2750, ""9"": 2779}",15,7.85399757218004,8.0,1,329970,"{""0"": 3473, ""1"": 3233, ""2"": 2852, ""3"": 2555, ""4"": 2267, ""5"": 1979, ""6"": 1832, ""7"": 23822}"
0,0,0,0.0,0.0,0,0.0,0.0,0,unknown,20p,sav_014,0.0,0,0,0,0,0,0,0,0,0,0,0,0,0,0,0,"{""1"": 0, ""10"": 0, ""11"": 0, ""12"": 0, ""13"": 0, ""14"": 0, ""15"": 0, ""2"": 0, ""3"": 0, ""4"": 0, ""5"": 0, ""6"": 0, ""7"": 0, ""8"": 0, ""9"": 0}",0,0.0,0.0,0,0,{}
20224,0,1147,1.4799588968229784,7.071067811865475,626,2.0,46.0,0,coal,20p,sav_015,3.428819,1366,1298,1337,1376,1334,1338,1387,1314,1428,1291,1374,1354,1333,1332,1362,"{""1"": 1366, ""10"": 1298, ""11"": 1337, ""12"": 1376, ""13"": 1334, ""14"": 1338, ""15"": 1387, ""2"": 1314, ""3"": 1428, ""4"": 1291, ""5"": 1374, ""6"": 1354, ""7"": 1333, ""8"": 1332, ""9"": 1362}",15,7.998368275316456,8.0,1,161759,"{""128"": 3326, ""129"": 407, ""32"": 14105, ""33"": 1834, ""34"": 8, ""35"": 544}"
9184,0,507,1.7243858412372828,7.071067811865475,340,3.0,58.0,0,iron,20p,sav_015,1.557075,624,617,639,619,626,601,591,609,583,620,600,597,599,643,616,"{""1"": 624, ""10"": 617, ""11"": 639, ""12"": 619, ""13"": 626, ""14"": 601, ""15"": 591, ""2"": 609, ""3"": 583, ""4"": 620, ""5"": 600, ""6"": 597, ""7"": 599, ""8"": 643, ""9"": 616}",15,8.01154181184669,8.0,1,73578,"{""128"": 1148, ""129"": 278, ""32"": 6698, ""33"": 756, ""34"": 6, ""35"": 298}"
5350,0,288,1.7320508075688776,8.172373830943204,130,6.0,59.30000000000001,0,gold,20p,sav_015,0.90705,382,360,380,350,381,367,342,363,334,334,355,341,347,348,366,"{""1"": 382, ""10"": 360, ""11"": 380, ""12"": 350, ""13"": 381, ""14"": 367, ""15"": 342, ""2"": 363, ""3"": 334, ""4"": 334, ""5"": 355, ""6"": 341, ""7"": 347, ""8"": 348, ""9"": 366}",15,8.032710280373832,8.0,1,42975,"{""128"": 638, ""129"": 97, ""32"": 4004, ""33"": 489, ""34"": 2, ""35"": 120}"
2126,0,129,1.7320508075688772,8.48528137423857,101,5.0,51.2,0,gems,20p,sav_015,0.360447,142,164,136,154,155,139,127,146,146,130,153,128,132,144,130,"{""1"": 142, ""10"": 164, ""11"": 136, ""12"": 154, ""13"": 155, ""14"": 139, ""15"": 127, ""2"": 146, ""3"": 146, ""4"": 130, ""5"": 153, ""6"": 128, ""7"": 132, ""8"": 144, ""9"": 130}",15,8.006114769520225,8.0,1,17021,"{""128"": 217, ""129"": 44, ""32"": 1629, ""33"": 179, ""34"": 1, ""35"": 56}"
2737,0,124,1.7320508075688772,9.0,93,7.0,65.7,0,sulfur,20p,sav_015,0.464037,167,190,190,186,174,161,181,175,177,204,176,175,204,185,192,"{""1"": 167, ""10"": 190, ""11"": 190, ""12"": 186, ""13"": 174, ""14"": 161, ""15"": 181, ""2"": 175, ""3"": 177, ""4"": 204, ""5"": 176, ""6"": 175, ""7"": 204, ""8"": 185, ""9"": 192}",15,7.995250274022653,8.0,1,21883,"{""128"": 164, ""129"": 31, ""32"": 2244, ""33"": 256, ""34"": 3, ""35"": 39}"
39621,0,485,1.7529935842708957,8.082903768654761,4061,3.0,157.80000000000007,0,minerals,20p,sav_015,6.717428,2681,2629,2682,2685,2670,2606,2628,2607,2668,2579,2658,2595,2615,2652,2666,"{""1"": 2681, ""10"": 2629, ""11"": 2682, ""12"": 2685, ""13"": 2670, ""14"": 2606, ""15"": 2628, ""2"": 2607, ""3"": 2668, ""4"": 2579, ""5"": 2658, ""6"": 2595, ""7"": 2615, ""8"": 2652, ""9"": 2666}",15,8.006259306933192,8.0,1,317216,"{""128"": 5493, ""129"": 857, ""32"": 28680, ""33"": 3514, ""34"": 20, ""35"": 1057}"
46390,0,8647,1.7320508075688776,7.071067811865475,120,2.0,13.0,7,fish,20p,sav_015,7.865058,3761,3092,3046,3159,3049,3067,2983,3024,3023,3054,3059,3005,2988,3018,3062,"{""1"": 3761, ""10"": 3092, ""11"": 3046, ""12"": 3159, ""13"": 3049, ""14"": 3067, ""15"": 2983, ""2"": 3024, ""3"": 3023, ""4"": 3054, ""5"": 3059, ""6"": 3005, ""7"": 2988, ""8"": 3018, ""9"": 3062}",15,7.904526837680534,8.0,1,366691,"{""0"": 3676, ""1"": 3404, ""2"": 3132, ""3"": 2951, ""4"": 2687, ""5"": 2453, ""6"": 2245, ""7"": 25842}"
0,0,0,0.0,0.0,0,0.0,0.0,0,unknown,20p,sav_015,0.0,0,0,0,0,0,0,0,0,0,0,0,0,0,0,0,"{""1"": 0, ""10"": 0, ""11"": 0, ""12"": 0, ""13"": 0, ""14"": 0, ""15"": 0, ""2"": 0, ""3"": 0, ""4"": 0, ""5"": 0, ""6"": 0, ""7"": 0, ""8"": 0, ""9"": 0}",0,0.0,0.0,0,0,{}
20853,0,1197,1.4028250317297195,7.071067811865475,452,2.0,48.0,0,coal,20p,sav_016,3.535461,1352,1394,1352,1405,1405,1461,1369,1332,1400,1376,1348,1391,1421,1422,1425,"{""1"": 1352, ""10"": 1394, ""11"": 1352, ""12"": 1405, ""13"": 1405, ""14"": 1461, ""15"": 1369, ""2"": 1332, ""3"": 1400, ""4"": 1376, ""5"": 1348, ""6"": 1391, ""7"": 1421, ""8"": 1422, ""9"": 1425}",15,8.050640195655301,8.0,1,167880,"{""128"": 2347, ""129"": 623, ""32"": 15336, ""33"": 1745, ""34"": 7, ""35"": 795}"
8727,0,578,1.7320508075688772,7.071067811865475,170,2.0,49.0,0,iron,20p,sav_016,1.479594,573,587,602,550,575,563,552,583,592,598,619,562,611,596,564,"{""1"": 573, ""10"": 587, ""11"": 602, ""12"": 550, ""13"": 575, ""14"": 563, ""15"": 552, ""2"": 583, ""3"": 592, ""4"": 598, ""5"": 619, ""6"": 562, ""7"": 611, ""8"": 596, ""9"": 564}",15,7.932164546808754,8.0,1,69224,"{""128"": 1219, ""129"": 243, ""32"": 6258, ""33"": 716, ""34"": 2, ""35"": 289}"
6111,0,306,1.766591402092969,8.082903768654761,160,5.0,61.0,0,gold,20p,sav_016,1.036072,382,458,401,423,392,391,404,416,402,414,410,389,426,390,413,"{""1"": 382, ""10"": 458, ""11"": 401, ""12"": 423, ""13"": 392, ""14"": 391, ""15"": 404, ""2"": 416, ""3"": 402, ""4"": 414, ""5"": 410, ""6"": 389, ""7"": 426, ""8"": 390, ""9"": 413}",15,8.014400261822942,8.0,1,48976,"{""128"": 907, ""129"": 227, ""32"": 4205, ""33"": 510, ""35"": 262}"
1981,0,111,1.7824794394117596,8.082903768654761,104,3.0,56.0,0,gems,20p,sav_016,0.335863,131,106,145,135,118,141,151,143,128,131,128,138,137,133,116,"{""1"": 131, ""10"": 106, ""11"": 145, ""12"": 135, ""13"": 118, ""14"": 141, ""15"": 151, ""2"": 143, ""3"": 128, ""4"": 131, ""5"": 128, ""6"": 138, ""7"": 137, ""8"": 133, ""9"": 116}",15,8.030287733467945,8.0,1,15908,"{""128"": 221, ""129"": 40, ""32"": 1534, ""33"": 116, ""35"": 70}"
3431,0,150,1.7856751261528334,9.346276030534366,106,10.0,65.0,0,sulfur,20p,sav_016,0.581699,243,211,225,202,234,241,242,232,225,212,256,212,229,226,241,"{""1"": 243, ""10"": 211, ""11"": 225, ""12"": 202, ""13"": 234, ""14"": 241, ""15"": 242, ""2"": 232, ""3"": 225, ""4"": 212, ""5"": 256, ""6"": 212, ""7"": 229, ""8"": 226, ""9"": 241}",15,7.990964733313903,8.0,1,27417,"{""128"": 575, ""129"": 152, ""32"": 2257, ""33"": 252, ""34"": 1, ""35"": 194}"
41103,0,472,1.8043351840431034,7.071067811865475,3755,3.0,158.30000000000024,0,minerals,20p,sav_016,6.968689,2681,2756,2725,2715,2724,2797,2718,2706,2747,2731,2761,2692,2824,2767,2759,"{""1"": 2681, ""10"": 2756, ""11"": 2725, ""12"": 2715, ""13"": 2724, ""14"": 2797, ""15"": 2718, ""2"": 2706, ""3"": 2747, ""4"": 2731, ""5"": 2761, ""6"": 2692, ""7"": 2824, ""8"": 2767, ""9"": 2759}",15,8.014135221273387,8.0,1,329405,"{""128"": 5269, ""129"": 1285, ""32"": 29590, ""33"": 3339, ""34"": 10, ""35"": 1610}"
43238,0,8194,1.7320508075688776,7.071067811865475,154,2.0,13.0,10,fish,20p,sav_016,7.330661,3908,2873,2853,2791,2826,2867,2660,2781,2893,2793,2808,2735,2859,2757,2834,"{""1"": 3908, ""10"": 2873, ""11"": 2853, ""12"": 2791, ""13"": 2826, ""14"": 2867, ""15"": 2660, ""2"": 2781, ""3"": 2893, ""4"": 2793, ""5"": 2808, ""6"": 2735, ""7"": 2859, ""8"": 2757, ""9"": 2834}",15,7.8108839446782925,8.0,1,337727,"{""0"": 3542, ""1"": 3231, ""2"": 2878, ""3"": 2557, ""4"": 2406, ""5"": 2183, ""6"": 1987, ""7"": 24454}"
0,0,0,0.0,0.0,0,0.0,0.0,0,unknown,20p,sav_016,0.0,0,0,0,0,0,0,0,0,0,0,0,0,0,0,0,"{""1"": 0, ""10"": 0, ""11"": 0, ""12"": 0, ""13"": 0, ""14"": 0, ""15"": 0, ""2"": 0, ""3"": 0, ""4"": 0, ""5"": 0, ""6"": 0, ""7"": 0, ""8"": 0, ""9"": 0}",0,0.0,0.0,0,0,{}
