group,map_id,player,runtime_all_r10,runtime_all_r100,runtime_all_r25,runtime_all_r50,runtime_neighborhood_cells_r10,runtime_neighborhood_cells_r100,runtime_neighborhood_cells_r25,runtime_neighborhood_cells_r50,runtime_world_density_r10,runtime_world_density_r100,runtime_world_density_r25,runtime_world_density_r50,runtime_world_r10,runtime_world_r100,runtime_world_r25,runtime_world_r50,start_x,start_y,static_all_r10,static_all_r100,static_all_r25,static_all_r50,static_neighborhood_cells_r10,static_neighborhood_cells_r100,static_neighborhood_cells_r25,static_neighborhood_cells_r50,static_world_density_r10,static_world_density_r100,static_world_density_r25,static_world_density_r50,static_world_r10,static_world_r100,static_world_r25,static_world_r50
2p,sav_001,1,2,378,26,111,331,30301,1951,7651,3.021148,12.441834,12.813942,14.377206,1,377,25,110,233,459,2,378,26,111,331,30301,1951,7651,6.042296,12.474836,13.326499,14.507907,2,378,26,111
2p,sav_001,2,11,330,61,142,331,30301,1951,7651,30.21148,10.857727,30.75346,18.428964,10,329,60,141,198,118,6,309,40,121,331,30301,1951,7651,18.126888,10.197683,20.502307,15.814926,6,309,40,121
2p,sav_002,1,8,170,31,73,331,22631,1951,7156,21.148036,7.467633,15.37673,10.061487,7,169,30,72,142,41,7,169,30,72,331,22631,1951,7156,21.148036,7.467633,15.37673,10.061487,7,169,30,72
2p,sav_002,2,5,252,41,114,331,24026,1951,7651,12.084592,10.447016,20.502307,14.769311,4,251,40,113,289,717,3,230,21,92,331,24026,1951,7651,9.063444,9.572963,10.763711,12.024572,3,230,21,92
2p,sav_003,1,3,391,19,81,331,30301,1951,7651,6.042296,12.870862,9.226038,10.45615,2,390,18,80,158,223,2,390,18,80,331,30301,1951,7651,6.042296,12.870862,9.226038,10.45615,2,390,18,80
2p,sav_003,2,11,275,33,104,331,30301,1951,7651,30.21148,9.042606,16.401845,13.462293,10,274,32,103,261,535,5,267,25,96,331,30301,1951,7651,15.10574,8.81159,12.813942,12.547379,5,267,25,96
2p,sav_004,1,5,377,32,120,331,30301,1951,7651,12.084592,12.408831,15.889288,15.553522,4,376,31,119,220,310,4,376,31,119,331,30301,1951,7651,12.084592,12.408831,15.889288,15.553522,4,376,31,119
2p,sav_004,2,14,468,71,193,331,30301,1951,7651,39.274924,15.412033,35.879036,25.094759,13,467,70,192,310,170,8,446,49,171,331,30301,1951,7651,24.169184,14.718986,25.115325,22.35002,8,446,49,171
2p,sav_005,1,1,389,29,117,331,30301,1951,7651,0.0,12.804858,14.351615,15.161417,0,388,28,116,121,329,0,388,28,116,331,30301,1951,7651,0.0,12.804858,14.351615,15.161417,0,388,28,116
2p,sav_005,2,8,413,52,133,331,30301,1951,7651,21.148036,13.596911,26.140441,17.252647,7,412,51,132,356,225,7,405,44,125,331,30301,1951,7651,21.148036,13.365896,22.552537,16.337734,7,405,44,125
2p,sav_006,1,8,381,39,167,331,30301,1951,7651,21.148036,12.54084,19.477191,21.69651,7,380,38,166,110,290,7,380,38,166,331,30301,1951,7651,21.148036,12.54084,19.477191,21.69651,7,380,38,166
2p,sav_006,2,8,389,64,174,331,30301,1951,7651,21.148036,12.804858,32.291133,22.611423,7,388,63,173,365,114,6,374,55,159,331,30301,1951,7651,18.126888,12.342827,28.190671,20.781597,6,374,55,159
2p,sav_007,1,4,334,33,131,331,30301,1951,7651,9.063444,10.989736,16.401845,16.991243,3,333,32,130,209,636,3,333,32,130,331,30301,1951,7651,9.063444,10.989736,16.401845,16.991243,3,333,32,130
2p,sav_007,2,7,503,47,171,331,30301,1951,7651,18.126888,16.56711,23.577652,22.219318,6,502,46,170,648,433,6,482,30,150,331,30301,1951,7651,18.126888,15.907066,15.37673,19.60528,6,482,30,150
2p,sav_008,1,9,353,42,104,331,30301,1951,7651,24.169184,11.616778,21.014864,13.462293,8,352,41,103,120,274,8,352,41,103,331,30301,1951,7651,24.169184,11.616778,21.014864,13.462293,8,352,41,103
2p,sav_008,2,6,464,34,143,331,30301,1951,7651,15.10574,15.280024,16.914403,18.559665,5,463,33,142,538,549,2,449,24,128,331,30301,1951,7651,6.042296,14.817993,12.301384,16.729839,2,449,24,128
20p,sav_009,1,3,347,26,116,331,30301,1951,7651,6.042296,11.418765,12.813942,15.030715,2,346,25,115,661,443,2,339,25,115,331,30301,1951,7651,6.042296,11.18775,12.813942,15.030715,2,339,25,115
20p,sav_009,2,7,353,34,113,331,30301,1951,7651,18.126888,11.616778,16.914403,14.638609,6,352,33,112,454,565,6,338,33,105,331,30301,1951,7651,18.126888,11.154747,16.914403,13.723696,6,338,33,105
20p,sav_009,3,6,317,43,106,331,30301,1951,7651,15.10574,10.395697,21.527422,13.723696,5,315,42,105,199,573,3,287,26,84,331,30301,1951,7651,9.063444,9.471635,13.326499,10.978957,3,287,26,84
20p,sav_009,4,2,299,36,91,331,29356,1951,7651,3.021148,10.151247,17.939518,11.763168,1,298,35,90,91,197,1,284,26,76,331,29356,1951,7651,3.021148,9.674343,13.326499,9.933342,1,284,26,76
20p,sav_009,5,2,329,26,102,331,30301,1951,7651,3.021148,10.824725,12.813942,13.200889,1,328,25,101,100,482,1,304,18,87,331,30301,1951,7651,3.021148,10.032672,9.226038,11.371063,1,304,18,87
20p,sav_009,6,2,447,40,140,331,30301,1951,7651,3.021148,14.685984,19.989749,18.16756,1,445,39,139,593,301,1,414,25,118,331,30301,1951,7651,3.021148,13.662915,12.813942,15.422821,1,414,25,118
20p,sav_009,7,6,348,40,127,331,30301,1951,7651,15.10574,11.451767,19.989749,16.468435,5,347,39,126,233,309,4,333,32,112,331,30301,1951,7651,12.084592,10.989736,16.401845,14.638609,4,333,32,112
20p,sav_009,8,9,293,47,103,331,28330,1951,7651,24.169184,10.271797,23.577652,13.331591,8,291,46,102,365,82,5,264,33,89,331,28330,1951,7651,15.10574,9.318743,16.914403,11.632466,5,264,33,89
20p,sav_009,9,6,373,47,112,331,30301,1951,7651,15.10574,12.24382,23.577652,14.507907,5,371,46,111,443,120,2,345,32,97,331,30301,1951,7651,6.042296,11.385763,16.401845,12.678081,2,345,32,97
20p,sav_009,10,7,395,61,134,331,30301,1951,7651,18.126888,13.002871,30.75346,17.383349,6,394,60,133,387,461,6,374,47,120,331,30301,1951,7651,18.126888,12.342827,24.09021,15.684224,6,374,47,120
20p,sav_009,11,1,243,27,81,331,30301,1951,7651,0.0,7.986535,13.326499,10.45615,0,242,26,80,124,106,0,235,19,73,331,30301,1951,7651,0.0,7.75552,9.738596,9.541236,0,235,19,73
20p,sav_009,12,10,311,47,148,331,28681,1951,7651,27.190332,10.808549,23.577652,19.213175,9,310,46,147,404,682,5,291,29,128,331,28681,1951,7651,15.10574,10.14609,14.864172,16.729839,5,291,29,128
20p,sav_009,13,11,333,52,121,331,30301,1951,7651,30.21148,10.923732,26.140441,15.684224,10,331,51,120,363,275,6,304,31,100,331,30301,1951,7651,18.126888,10.032672,15.889288,13.070187,6,304,31,100
20p,sav_009,14,5,327,28,102,331,30301,1951,7651,12.084592,10.758721,13.839057,13.200889,4,326,27,101,247,178,4,319,25,94,331,30301,1951,7651,12.084592,10.527705,12.813942,12.285976,4,319,25,94
20p,sav_009,15,6,475,55,113,331,30301,1951,7651,15.10574,15.610046,27.678114,14.638609,5,473,54,112,622,239,5,432,34,92,331,30301,1951,7651,15.10574,14.256955,17.426961,12.024572,5,432,34,92
20p,sav_009,16,19,351,64,161,331,30301,1951,7651,54.380665,11.550774,32.291133,20.912299,18,350,63,160,135,396,9,336,49,146,331,30301,1951,7651,27.190332,11.088743,25.115325,19.082473,9,336,49,146
20p,sav_009,17,10,231,53,119,331,27350,1951,7651,27.190332,8.409506,26.652998,15.422821,9,230,52,118,600,693,4,209,38,97,331,27350,1951,7651,12.084592,7.641682,19.477191,12.678081,4,209,38,97
20p,sav_009,18,3,281,33,93,331,30301,1951,7651,6.042296,9.240619,16.401845,12.024572,2,280,32,92,282,490,2,266,18,78,331,30301,1951,7651,6.042296,8.778588,9.226038,10.194746,2,266,18,78
20p,sav_009,19,6,363,42,126,331,30301,1951,7651,15.10574,11.9468,21.014864,16.337734,5,362,41,125,644,538,5,348,27,111,331,30301,1951,7651,15.10574,11.484769,13.839057,14.507907,5,348,27,111
20p,sav_009,20,12,383,52,127,331,30301,1951,7651,33.232628,12.573842,26.140441,16.468435,11,381,51,126,422,372,5,361,44,119,331,30301,1951,7651,15.10574,11.913798,22.552537,15.553522,5,361,44,119
20p,sav_010,1,10,259,40,100,331,27476,1951,7651,27.190332,9.390013,19.989749,12.939485,9,258,39,99,75,124,9,258,39,99,331,27476,1951,7651,27.190332,9.390013,19.989749,12.939485,9,258,39,99
20p,sav_010,2,8,429,29,112,331,30301,1951,7651,21.148036,14.091944,14.351615,14.507907,7,427,28,111,145,467,7,410,28,111,331,30301,1951,7651,21.148036,13.530907,14.351615,14.507907,7,410,28,111
20p,sav_010,3,16,408,55,138,331,30301,1951,7651,45.317221,13.4319,27.678114,17.906156,15,407,54,137,625,176,13,396,47,130,331,30301,1951,7651,39.274924,13.068876,24.09021,16.991243,13,396,47,130
20p,sav_010,4,9,414,56,149,331,30301,1951,7651,24.169184,13.629913,28.190671,19.343877,8,413,55,148,621,274,4,387,39,127,331,30301,1951,7651,12.084592,12.771856,19.989749,16.599137,4,387,39,127
20p,sav_010,5,6,338,47,107,331,30301,1951,7651,15.10574,11.121745,23.577652,13.854398,5,337,46,106,466,503,5,330,39,99,331,30301,1951,7651,15.10574,10.89073,19.989749,12.939485,5,330,39,99
20p,sav_010,6,6,361,50,164,331,30301,1951,7651,15.10574,11.880796,25.115325,21.304405,5,360,49,163,518,348,1,346,36,149,331,30301,1951,7651,3.021148,11.418765,18.452076,19.474578,1,346,36,149
20p,sav_010,7,4,352,40,116,331,30301,1951,7651,9.063444,11.583776,19.989749,15.030715,3,351,39,115,253,314,1,330,20,94,331,30301,1951,7651,3.021148,10.89073,10.251153,12.285976,1,330,20,94
20p,sav_010,8,6,354,53,131,331,30301,1951,7651,15.10574,11.649781,26.652998,16.991243,5,353,52,130,592,475,5,346,45,123,331,30301,1951,7651,15.10574,11.418765,23.065095,16.07633,5,346,45,123
20p,sav_010,9,10,434,52,138,331,30301,1951,7651,27.190332,14.289957,26.140441,17.906156,9,433,51,137,478,651,7,419,37,123,331,30301,1951,7651,21.148036,13.827926,18.964634,16.07633,7,419,37,123
20p,sav_010,10,6,285,50,84,331,30301,1951,7651,15.10574,9.339626,25.115325,10.848255,5,283,49,83,228,159,3,255,28,62,331,30301,1951,7651,9.063444,8.415564,14.351615,8.103516,3,255,28,62
20p,sav_010,11,5,406,43,146,331,30301,1951,7651,12.084592,13.365896,21.527422,18.951771,4,405,42,145,604,578,4,396,40,138,331,30301,1951,7651,12.084592,13.068876,20.502307,18.036858,4,396,40,138
20p,sav_010,12,8,418,44,149,331,30301,1951,7651,21.148036,13.761922,22.039979,19.343877,7,417,43,148,367,314,3,403,29,134,331,30301,1951,7651,9.063444,13.299891,14.864172,17.51405,3,403,29,134
20p,sav_010,13,15,328,55,142,331,27970,1951,7651,42.296073,11.655345,27.678114,18.428964,14,326,54,141,337,79,4,291,37,120,331,27970,1951,7651,12.084592,10.404004,18.964634,15.684224,4,291,37,120
20p,sav_010,14,13,332,60,158,331,27601,1951,7651,36.253776,11.992319,30.240902,20.520193,12,331,59,157,384,691,7,317,45,143,331,27601,1951,7651,21.148036,11.485091,23.065095,18.690367,7,317,45,143
20p,sav_010,15,11,373,60,121,331,30301,1951,7651,30.21148,12.276823,30.240902,15.684224,10,372,59,120,118,265,8,351,39,99,331,30301,1951,7651,24.169184,11.583776,19.989749,12.939485,8,351,39,99
20p,sav_010,16,18,326,71,124,331,30301,1951,7651,51.359517,10.692716,35.879036,16.07633,17,324,70,123,110,653,8,295,50,103,331,30301,1951,7651,24.169184,9.735652,25.627883,13.462293,8,295,50,103
20p,sav_010,17,6,357,34,101,331,30301,1951,7651,15.10574,11.715785,16.914403,13.070187,5,355,33,100,633,376,1,337,26,93,331,30301,1951,7651,3.021148,11.121745,13.326499,12.155274,1,337,26,93
20p,sav_010,18,7,324,38,122,331,26035,1951,7651,18.126888,12.367966,18.964634,15.814926,6,322,37,121,201,703,1,288,30,107,331,26035,1951,7651,3.021148,11.062032,15.37673,13.9851,1,288,30,107
20p,sav_010,19,8,342,43,112,331,30301,1951,7651,21.148036,11.18775,21.527422,14.507907,7,339,42,111,290,129,3,306,32,97,331,30301,1951,7651,9.063444,10.098677,16.401845,12.678081,3,306,32,97
20p,sav_010,20,7,501,43,160,331,30301,1951,7651,18.126888,16.468103,21.527422,20.781597,6,499,42,159,217,461,6,478,21,138,331,30301,1951,7651,18.126888,15.775057,10.763711,18.036858,6,478,21,138
20p,sav_011,1,8,244,37,119,331,27725,1951,7651,21.148036,8.764653,18.452076,15.422821,7,243,36,118,625,77,7,243,36,118,331,27725,1951,7651,21.148036,8.764653,18.452076,15.422821,7,243,36,118
20p,sav_011,2,10,325,40,140,331,30301,1951,7651,27.190332,10.692716,19.989749,18.16756,9,324,39,139,641,667,9,324,39,139,331,30301,1951,7651,27.190332,10.692716,19.989749,18.16756,9,324,39,139
20p,sav_011,3,2,399,31,135,331,30301,1951,7651,3.021148,13.13488,15.37673,17.51405,1,398,30,134,449,272,1,371,20,120,331,30301,1951,7651,3.021148,12.24382,10.251153,15.684224,1,371,20,120
20p,sav_011,4,10,367,56,162,331,30301,1951,7651,27.190332,12.078809,28.190671,21.043001,9,366,55,161,353,659,6,339,39,141,331,30301,1951,7651,18.126888,11.18775,19.989749,18.428964,6,339,39,141
20p,sav_011,5,16,396,50,146,331,28681,1951,7651,45.317221,13.772184,25.115325,18.951771,15,395,49,145,85,520,8,364,29,124,331,28681,1951,7651,24.169184,12.691329,14.864172,16.207032,8,364,29,124
20p,sav_011,6,7,287,49,108,331,30301,1951,7651,18.126888,9.438632,24.602768,13.9851,6,286,48,107,117,626,2,259,28,87,331,30301,1951,7651,6.042296,8.547573,14.351615,11.371063,2,259,28,87
20p,sav_011,7,9,315,52,116,331,30301,1951,7651,24.169184,10.362694,26.140441,15.030715,8,314,51,115,357,445,8,300,37,101,331,30301,1951,7651,24.169184,9.900663,18.964634,13.200889,8,300,37,101
20p,sav_011,8,9,453,42,173,331,30301,1951,7651,24.169184,14.916999,21.014864,22.480721,8,452,41,172,405,340,4,431,27,151,331,30301,1951,7651,12.084592,14.223953,13.839057,19.735982,4,431,27,151
20p,sav_011,9,3,291,41,111,331,28330,1951,7651,6.042296,10.2012,20.502307,14.377206,2,289,40,110,685,480,1,264,23,89,331,28330,1951,7651,3.021148,9.318743,11.788826,11.632466,1,264,23,89
20p,sav_011,10,6,283,42,98,331,30301,1951,7651,15.10574,9.306624,21.014864,12.678081,5,282,41,97,326,164,2,268,27,83,331,30301,1951,7651,6.042296,8.844593,13.839057,10.848255,2,268,27,83
20p,sav_011,11,4,212,43,112,331,27350,1951,7651,9.063444,7.714808,21.527422,14.507907,3,211,42,111,393,74,2,197,28,97,331,27350,1951,7651,6.042296,7.202925,14.351615,12.678081,2,197,28,97
20p,sav_011,12,8,385,46,150,331,30301,1951,7651,21.148036,12.672849,23.065095,19.474578,7,384,45,149,243,294,2,363,34,128,331,30301,1951,7651,6.042296,11.979803,17.426961,16.729839,2,363,34,128
20p,sav_011,13,11,250,43,97,331,30301,1951,7651,30.21148,8.217551,21.527422,12.547379,10,249,42,96,463,610,4,235,28,82,331,30301,1951,7651,12.084592,7.75552,14.351615,10.717553,4,235,28,82
20p,sav_011,14,12,484,65,152,331,30301,1951,7651,33.232628,15.940068,32.80369,19.735982,11,483,64,151,533,379,9,448,43,130,331,30301,1951,7651,27.190332,14.784991,22.039979,16.991243,9,448,43,130
20p,sav_011,15,3,280,39,102,331,27601,1951,7651,6.042296,10.072099,19.477191,13.200889,2,278,38,101,691,398,2,254,32,95,331,27601,1951,7651,6.042296,9.202565,16.401845,12.416678,2,254,32,95
20p,sav_011,16,11,364,54,127,331,29891,1951,7651,30.21148,12.110669,27.165556,16.468435,10,362,53,126,96,230,10,334,41,112,331,29891,1951,7651,30.21148,11.173932,21.014864,14.638609,10,334,41,112
20p,sav_011,17,14,276,52,127,331,27223,1951,7651,39.274924,10.101752,26.140441,16.468435,13,275,51,126,73,356,8,268,44,119,331,27223,1951,7651,24.169184,9.844617,22.552537,15.553522,8,268,44,119
20p,sav_011,18,8,347,53,117,331,30301,1951,7651,21.148036,11.418765,26.652998,15.161417,7,346,52,116,247,655,2,318,33,95,331,30301,1951,7651,6.042296,10.494703,16.914403,12.416678,2,318,33,95
20p,sav_011,19,12,329,50,98,331,29680,1951,7651,33.232628,11.01752,25.115325,12.678081,11,327,49,97,94,143,8,301,37,83,331,29680,1951,7651,24.169184,10.141509,18.964634,10.848255,8,301,37,83
20p,sav_011,20,8,296,41,114,331,30301,1951,7651,21.148036,9.735652,20.502307,14.769311,7,295,40,113,290,503,3,281,26,99,331,30301,1951,7651,9.063444,9.273621,13.326499,12.939485,3,281,26,99
20p,sav_012,1,5,314,22,96,331,30301,1951,7651,12.084592,10.329692,10.763711,12.416678,4,313,21,95,376,282,4,313,21,95,331,30301,1951,7651,12.084592,10.329692,10.763711,12.416678,4,313,21,95
20p,sav_012,2,3,424,40,112,331,30301,1951,7651,6.042296,13.959935,19.989749,14.507907,2,423,39,111,599,192,3,412,40,105,331,30301,1951,7651,9.063444,13.596911,20.502307,13.723696,3,412,40,105
20p,sav_012,3,5,505,54,150,331,30301,1951,7651,12.084592,16.600112,27.165556,19.474578,4,503,53,149,175,459,4,453,39,128,331,30301,1951,7651,12.084592,14.950002,19.989749,16.729839,4,453,39,128
20p,sav_012,4,13,419,47,127,331,30301,1951,7651,36.253776,13.794924,23.577652,16.468435,12,418,46,126,294,360,7,397,30,105,331,30301,1951,7651,21.148036,13.101878,15.37673,13.723696,7,397,30,105
20p,sav_012,5,9,299,35,72,331,30301,1951,7651,24.169184,9.801657,17.426961,9.279833,8,297,34,71,473,147,8,286,34,71,331,30301,1951,7651,24.169184,9.438632,17.426961,9.279833,8,286,34,71
20p,sav_012,6,8,332,51,131,331,27848,1951,7651,21.148036,11.885952,25.627883,16.991243,7,331,50,130,78,255,6,317,36,116,331,27848,1951,7651,18.126888,11.383223,18.452076,15.161417,6,317,36,116
20p,sav_012,7,9,308,43,144,331,28448,1951,7651,24.169184,10.79162,21.527422,18.690367,8,307,42,143,684,531,8,307,42,143,331,28448,1951,7651,24.169184,10.79162,21.527422,18.690367,8,307,42,143
20p,sav_012,8,14,280,58,110,331,29023,1951,7651,39.274924,9.57861,29.215787,14.246504,13,278,57,109,510,88,8,264,50,102,331,29023,1951,7651,24.169184,9.096234,25.627883,13.331591,8,264,50,102
20p,sav_012,9,8,403,36,127,331,30301,1951,7651,21.148036,13.266889,17.939518,16.468435,7,402,35,126,101,170,4,375,23,106,331,30301,1951,7651,12.084592,12.375829,11.788826,13.854398,4,375,23,106
20p,sav_012,10,10,294,42,123,331,29786,1951,7651,27.190332,9.836836,21.014864,15.945628,9,293,41,122,188,95,5,279,28,108,331,29786,1951,7651,15.10574,9.366817,14.351615,14.115802,5,279,28,108
20p,sav_012,11,4,364,32,121,331,30301,1951,7651,9.063444,11.9468,15.889288,15.684224,3,362,31,120,535,321,3,334,24,113,331,30301,1951,7651,9.063444,11.022739,12.301384,14.769311,3,334,24,113
20p,sav_012,12,8,289,34,94,331,30301,1951,7651,21.148036,9.504637,16.914403,12.155274,7,288,33,93,318,153,7,288,33,93,331,30301,1951,7651,21.148036,9.504637,16.914403,12.155274,7,288,33,93
20p,sav_012,13,7,471,41,142,331,30301,1951,7651,18.126888,15.478037,20.502307,18.428964,6,469,40,141,579,279,6,436,21,120,331,30301,1951,7651,18.126888,14.388964,10.763711,15.684224,6,436,21,120
20p,sav_012,14,6,310,40,130,331,30301,1951,7651,15.10574,10.197683,19.989749,16.860541,5,309,39,129,592,651,5,288,28,108,331,30301,1951,7651,15.10574,9.504637,14.351615,14.115802,5,288,28,108
20p,sav_012,15,9,387,48,158,331,30301,1951,7651,24.169184,12.738854,24.09021,20.520193,8,386,47,157,506,442,4,365,30,136,331,30301,1951,7651,12.084592,12.045807,15.37673,17.775454,4,365,30,136
20p,sav_012,16,5,443,28,111,331,30301,1951,7651,12.084592,14.586977,13.839057,14.377206,4,442,27,110,424,472,3,428,20,103,331,30301,1951,7651,9.063444,14.124946,10.251153,13.462293,3,428,20,103
20p,sav_012,17,11,538,75,212,331,30301,1951,7651,30.21148,17.722187,37.929267,27.578094,10,537,74,211,374,552,4,509,57,190,331,30301,1951,7651,12.084592,16.798125,29.215787,24.833355,4,509,57,190
20p,sav_012,18,7,469,41,136,331,30301,1951,7651,18.126888,15.412033,20.502307,17.644752,6,467,40,135,259,541,3,432,22,114,331,30301,1951,7651,9.063444,14.256955,11.276269,14.900013,3,432,22,114
20p,sav_012,19,6,282,48,127,331,26705,1951,7651,15.10574,10.522374,24.09021,16.468435,5,281,47,126,310,698,2,261,29,106,331,26705,1951,7651,6.042296,9.773451,14.864172,13.854398,2,261,29,106
20p,sav_012,20,9,386,43,107,331,30301,1951,7651,24.169184,12.705851,21.527422,13.854398,8,385,42,106,118,516,4,364,26,85,331,30301,1951,7651,12.084592,12.012805,13.326499,11.109659,4,364,26,85
20p,sav_013,1,6,220,27,99,331,26171,1951,7651,15.10574,8.368041,13.326499,12.808783,5,219,26,98,519,65,5,219,26,98,331,26171,1951,7651,15.10574,8.368041,13.326499,12.808783,5,219,26,98
20p,sav_013,2,6,289,43,121,331,28330,1951,7651,15.10574,10.165902,21.527422,15.684224,5,288,42,120,685,338,3,269,31,106,331,28330,1951,7651,9.063444,9.495235,15.889288,13.854398,3,269,31,106
20p,sav_013,3,7,321,44,114,331,30301,1951,7651,18.126888,10.560708,22.039979,14.769311,6,320,43,113,205,493,5,307,30,100,331,30301,1951,7651,15.10574,10.131679,15.37673,13.070187,5,307,30,100
20p,sav_013,4,6,473,56,163,331,30301,1951,7651,15.10574,15.544041,28.190671,21.173703,5,471,55,162,626,156,3,437,42,148,331,30301,1951,7651,9.063444,14.421966,21.527422,19.343877,3,437,42,148
20p,sav_013,5,12,383,55,139,331,30301,1951,7651,33.232628,12.573842,27.678114,18.036858,11,381,54,138,122,192,7,339,40,124,331,30301,1951,7651,21.148036,11.18775,20.502307,16.207032,7,339,40,124
20p,sav_013,6,9,409,54,146,331,30301,1951,7651,24.169184,13.4319,27.165556,18.951771,8,407,53,145,646,231,4,373,39,123,331,30301,1951,7651,12.084592,12.309825,19.989749,16.07633,4,373,39,123
20p,sav_013,7,9,258,31,108,331,26573,1951,7651,24.169184,9.671471,15.37673,13.9851,8,257,30,107,239,699,4,243,23,93,331,26573,1951,7651,12.084592,9.14462,11.788826,12.155274,4,243,23,93
20p,sav_013,8,15,345,58,132,331,30301,1951,7651,42.296073,11.352761,29.215787,17.121945,14,344,57,131,159,309,9,316,36,110,331,30301,1951,7651,27.190332,10.428699,18.452076,14.377206,9,316,36,110
20p,sav_013,9,9,484,53,193,331,30301,1951,7651,24.169184,15.907066,26.652998,25.094759,8,482,52,192,501,323,7,455,34,172,331,30301,1951,7651,21.148036,15.016006,17.426961,22.480721,7,455,34,172
20p,sav_013,10,3,454,33,143,331,30301,1951,7651,6.042296,14.883997,16.401845,18.559665,2,451,32,142,553,401,2,414,32,135,331,30301,1951,7651,6.042296,13.662915,16.401845,17.644752,2,414,32,135
20p,sav_013,11,10,364,41,124,331,30301,1951,7651,27.190332,11.979803,20.502307,16.07633,9,363,40,123,348,532,9,344,33,116,331,30301,1951,7651,27.190332,11.352761,16.914403,15.161417,9,344,33,116
20p,sav_013,12,3,391,42,103,331,30301,1951,7651,6.042296,12.870862,21.014864,13.331591,2,390,41,102,375,379,2,362,27,88,331,30301,1951,7651,6.042296,11.9468,13.839057,11.501764,2,362,27,88
20p,sav_013,13,11,459,64,147,331,30301,1951,7651,30.21148,15.115013,32.291133,19.082473,10,458,63,146,467,619,4,414,42,125,331,30301,1951,7651,12.084592,13.662915,21.527422,16.337734,4,414,42,125
20p,sav_013,14,12,446,52,166,331,28910,1951,7651,33.232628,15.392598,26.140441,21.565808,11,445,51,165,87,458,5,439,45,159,331,28910,1951,7651,15.10574,15.185057,23.065095,20.781597,5,439,45,159
20p,sav_013,15,9,347,54,148,331,29135,1951,7651,24.169184,11.875751,27.165556,19.213175,8,346,53,147,393,678,4,325,32,126,331,29135,1951,7651,12.084592,11.154968,16.401845,16.468435,4,325,32,126
20p,sav_013,16,6,314,54,111,331,30301,1951,7651,15.10574,10.29669,27.165556,14.377206,5,312,53,110,306,189,5,277,45,96,331,30301,1951,7651,15.10574,9.141612,23.065095,12.547379,5,277,45,96
20p,sav_013,17,10,359,58,125,331,30301,1951,7651,27.190332,11.781789,29.215787,16.207032,9,357,57,124,136,121,4,322,39,103,331,30301,1951,7651,12.084592,10.626712,19.989749,13.462293,4,322,39,103
20p,sav_013,18,12,490,50,125,331,30301,1951,7651,33.232628,16.105079,25.115325,16.207032,11,488,49,124,482,421,7,467,35,110,331,30301,1951,7651,21.148036,15.412033,17.939518,14.377206,7,467,35,110
20p,sav_013,19,5,461,43,140,331,30301,1951,7651,12.084592,15.181017,21.527422,18.16756,4,460,42,139,442,509,4,428,26,118,331,30301,1951,7651,12.084592,14.124946,13.326499,15.422821,4,428,26,118
20p,sav_013,20,9,423,45,141,331,30301,1951,7651,24.169184,13.893931,22.552537,18.298262,8,421,44,140,344,270,4,386,28,119,331,30301,1951,7651,12.084592,12.738854,14.351615,15.553522,4,386,28,119
20p,sav_014,1,18,456,54,144,331,30301,1951,7651,51.359517,14.950002,27.165556,18.690367,17,453,53,143,535,415,17,418,53,143,331,30301,1951,7651,51.359517,13.794924,27.165556,18.690367,17,418,53,143
20p,sav_014,2,8,375,46,164,331,29023,1951,7651,21.148036,12.886332,23.065095,21.304405,7,374,45,163,679,415,5,354,27,143,331,29023,1951,7651,15.10574,12.197223,13.839057,18.690367,5,354,27,143
20p,sav_014,3,8,413,51,159,331,30301,1951,7651,21.148036,13.596911,25.627883,20.650895,7,412,50,158,258,227,7,405,43,151,331,30301,1951,7651,21.148036,13.365896,22.039979,19.735982,7,405,43,151
20p,sav_014,4,11,374,46,95,331,30301,1951,7651,30.21148,12.276823,23.065095,12.285976,10,372,45,94,452,369,6,351,24,73,331,30301,1951,7651,18.126888,11.583776,12.301384,9.541236,6,351,24,73
20p,sav_014,5,9,353,42,148,331,29135,1951,7651,24.169184,12.047366,21.014864,19.213175,8,351,41,147,420,89,3,325,25,126,331,29135,1951,7651,9.063444,11.154968,12.813942,16.468435,3,325,25,126
20p,sav_014,6,7,365,37,118,331,30301,1951,7651,18.126888,11.9468,18.452076,15.292119,6,362,36,117,214,469,2,327,22,103,331,30301,1951,7651,6.042296,10.791723,11.276269,13.462293,2,327,22,103
20p,sav_014,7,8,469,75,157,331,30301,1951,7651,21.148036,15.37903,37.929267,20.389492,7,466,74,156,409,536,6,410,53,135,331,30301,1951,7651,18.126888,13.530907,27.165556,17.644752,6,410,53,135
20p,sav_014,8,7,487,63,184,331,30301,1951,7651,18.126888,15.97307,31.778575,23.918442,6,484,62,183,591,196,6,441,48,155,331,30301,1951,7651,18.126888,14.553975,24.602768,20.25879,6,441,48,155
20p,sav_014,9,10,447,35,129,331,30301,1951,7651,27.190332,14.685984,17.426961,16.729839,9,445,34,128,124,386,2,413,16,107,331,30301,1951,7651,6.042296,13.629913,8.200923,13.9851,2,413,16,107
20p,sav_014,10,6,379,51,116,331,30301,1951,7651,15.10574,12.474836,25.627883,15.030715,5,378,50,115,277,137,4,365,39,102,331,30301,1951,7651,12.084592,12.045807,19.989749,13.331591,4,365,39,102
20p,sav_014,11,7,298,32,97,331,30301,1951,7651,18.126888,9.801657,15.889288,12.547379,6,297,31,96,190,545,6,287,31,96,331,30301,1951,7651,18.126888,9.471635,15.889288,12.547379,6,287,31,96
20p,sav_014,12,6,245,48,106,331,29573,1951,7651,15.10574,8.250769,24.09021,13.723696,5,244,47,105,93,171,5,230,33,91,331,29573,1951,7651,15.10574,7.777364,16.914403,11.89387,5,230,33,91
20p,sav_014,13,6,353,43,142,331,30301,1951,7651,15.10574,11.583776,21.527422,18.428964,5,351,42,141,512,327,1,325,30,120,331,30301,1951,7651,3.021148,10.725719,15.37673,15.684224,1,325,30,120
20p,sav_014,14,12,429,40,118,331,30301,1951,7651,33.232628,14.091944,19.989749,15.292119,11,427,39,117,653,272,5,387,27,98,331,30301,1951,7651,15.10574,12.771856,13.839057,12.808783,5,387,27,98
20p,sav_014,15,13,311,45,134,331,28565,1951,7651,36.253776,10.852442,22.552537,17.383349,12,310,44,133,666,683,5,296,30,119,331,28565,1951,7651,15.10574,10.362332,15.37673,15.553522,5,296,30,119
20p,sav_014,16,4,474,31,150,331,30301,1951,7651,9.063444,15.577044,15.37673,19.474578,3,472,30,149,494,540,3,434,22,135,331,30301,1951,7651,9.063444,14.32296,11.276269,17.644752,3,434,22,135
20p,sav_014,17,10,320,46,101,331,30301,1951,7651,27.190332,10.527705,23.065095,13.070187,9,319,45,100,265,388,4,305,31,86,331,30301,1951,7651,12.084592,10.065674,15.889288,11.240361,4,305,31,86
20p,sav_014,18,10,332,44,126,331,30301,1951,7651,27.190332,10.89073,22.039979,16.337734,9,330,43,125,429,667,4,295,29,111,331,30301,1951,7651,12.084592,9.735652,14.864172,14.507907,4,295,29,111
20p,sav_014,19,6,475,49,148,331,30301,1951,7651,15.10574,15.577044,24.602768,19.213175,5,472,48,147,515,148,5,436,43,142,331,30301,1951,7651,15.10574,14.388964,22.039979,18.559665,5,436,43,142
20p,sav_014,20,10,495,52,141,331,30301,1951,7651,27.190332,16.237088,26.140441,18.298262,9,492,51,140,472,624,3,431,30,119,331,30301,1951,7651,9.063444,14.223953,15.37673,15.553522,3,431,30,119
20p,sav_015,1,8,376,26,106,331,30301,1951,7651,21.148036,12.342827,12.813942,13.723696,7,374,25,105,574,374,7,368,25,105,331,30301,1951,7651,21.148036,12.144814,12.813942,13.723696,7,368,25,105
20p,sav_015,2,6,349,34,105,331,28448,1951,7651,15.10574,12.232846,16.914403,13.592994,5,348,33,104,684,560,5,348,33,104,331,28448,1951,7651,15.10574,12.232846,16.914403,13.592994,5,348,33,104
20p,sav_015,3,6,358,33,116,331,30301,1951,7651,15.10574,11.748787,16.401845,15.030715,5,356,32,115,241,386,5,342,32,115,331,30301,1951,7651,15.10574,11.286756,16.401845,15.030715,5,342,32,115
20p,sav_015,4,7,454,32,115,331,30301,1951,7651,18.126888,14.916999,15.889288,14.900013,6,452,31,114,378,337,3,417,18,93,331,30301,1951,7651,9.063444,13.761922,9.226038,12.155274,3,417,18,93
20p,sav_015,5,11,337,66,145,331,26966,1951,7651,30.21148,12.460135,33.316248,18.821069,10,336,65,144,696,333,11,330,59,138,331,26966,1951,7651,33.232628,12.237633,30.240902,18.036858,11,330,59,138
20p,sav_015,6,14,359,54,131,331,30301,1951,7651,39.274924,11.781789,27.165556,16.991243,13,357,53,130,500,540,7,330,40,115,331,30301,1951,7651,21.148036,10.89073,20.502307,15.030715,7,330,40,115
20p,sav_015,7,7,351,37,92,331,30301,1951,7651,18.126888,11.517772,18.452076,11.89387,6,349,36,91,312,432,2,335,22,77,331,30301,1951,7651,6.042296,11.055741,11.276269,10.064044,2,335,22,77
20p,sav_015,8,10,360,46,137,331,30301,1951,7651,27.190332,11.814792,23.065095,17.775454,9,358,45,136,548,291,9,352,39,130,331,30301,1951,7651,27.190332,11.616778,19.989749,16.991243,9,352,39,130
20p,sav_015,9,15,434,56,147,331,30301,1951,7651,42.296073,14.223953,28.190671,19.082473,14,431,55,146,153,515,4,402,41,132,331,30301,1951,7651,12.084592,13.266889,21.014864,17.252647,4,402,41,132
20p,sav_015,10,15,306,47,125,331,30301,1951,7651,42.296073,10.065674,23.577652,16.207032,14,305,46,124,534,105,7,298,39,117,331,30301,1951,7651,21.148036,9.834659,19.989749,15.292119,7,298,39,117
20p,sav_015,11,2,361,39,126,331,30301,1951,7651,3.021148,11.880796,19.477191,16.337734,1,360,38,125,168,226,1,339,22,104,331,30301,1951,7651,3.021148,11.18775,11.276269,13.592994,1,339,22,104
20p,sav_015,12,11,242,57,117,331,30301,1951,7651,30.21148,7.953533,28.703229,15.161417,10,241,56,116,279,102,5,220,36,95,331,30301,1951,7651,15.10574,7.260486,18.452076,12.416678,5,220,36,95
20p,sav_015,13,10,322,45,141,331,30301,1951,7651,27.190332,10.59371,22.552537,18.298262,9,321,44,140,650,210,4,299,24,120,331,30301,1951,7651,12.084592,9.867661,12.301384,15.684224,4,299,24,120
20p,sav_015,14,2,374,43,122,331,30301,1951,7651,3.021148,12.276823,21.527422,15.814926,1,372,42,121,547,513,0,345,29,107,331,30301,1951,7651,0.0,11.385763,14.864172,13.9851,0,345,29,107
20p,sav_015,15,7,261,46,128,331,30301,1951,7651,18.126888,8.580575,23.065095,16.599137,6,260,45,127,424,133,2,239,26,106,331,30301,1951,7651,6.042296,7.887528,13.326499,13.854398,2,239,26,106
20p,sav_015,16,10,361,57,154,331,30301,1951,7651,27.190332,11.847794,28.703229,19.997386,9,359,56,153,403,278,4,331,42,139,331,30301,1951,7651,12.084592,10.923732,21.527422,18.16756,4,331,42,139
20p,sav_015,17,5,333,41,94,331,30301,1951,7651,12.084592,10.89073,20.502307,12.155274,4,330,40,93,151,422,2,301,30,79,331,30301,1951,7651,6.042296,9.933666,15.37673,10.325448,2,301,30,79
20p,sav_015,18,2,391,30,116,331,30301,1951,7651,3.021148,12.804858,14.864172,15.030715,1,388,29,115,227,502,1,353,29,108,331,30301,1951,7651,3.021148,11.649781,14.864172,14.115802,1,353,29,108
20p,sav_015,19,4,311,39,119,331,26836,1951,7651,9.063444,11.551647,19.477191,15.422821,3,310,38,118,588,697,0,289,24,97,331,26836,1951,7651,0.0,10.769116,12.301384,12.678081,0,289,24,97
20p,sav_015,20,7,308,35,108,331,26836,1951,7651,18.126888,11.439857,17.426961,13.9851,6,307,34,107,320,697,4,286,20,86,331,26836,1951,7651,12.084592,10.657326,10.251153,11.240361,4,286,20,86
20p,sav_016,1,6,369,30,97,331,30301,1951,7651,15.10574,12.111811,14.864172,12.547379,5,367,29,96,169,405,5,346,29,96,331,30301,1951,7651,15.10574,11.418765,14.864172,12.547379,5,346,29,96
20p,sav_016,2,5,399,43,116,331,30301,1951,7651,12.084592,13.101878,21.527422,15.030715,4,397,42,115,101,609,4,361,22,94,331,30301,1951,7651,12.084592,11.913798,11.276269,12.285976,4,361,22,94
20p,sav_016,3,6,294,54,143,331,28448,1951,7651,15.10574,10.264342,27.165556,18.559665,5,292,53,142,557,83,3,257,39,121,331,28448,1951,7651,9.063444,9.034027,19.989749,15.814926,3,257,39,121
20p,sav_016,4,9,410,34,118,331,30301,1951,7651,24.169184,13.497904,16.914403,15.292119,8,409,33,117,431,398,4,388,26,96,331,30301,1951,7651,12.084592,12.804858,13.326499,12.547379,4,388,26,96
20p,sav_016,5,11,513,46,144,331,30301,1951,7651,30.21148,16.897132,23.065095,18.690367,10,512,45,143,583,394,5,491,29,122,331,30301,1951,7651,15.10574,16.204086,14.864172,15.945628,5,491,29,122
20p,sav_016,6,11,242,54,119,331,26836,1951,7651,30.21148,8.980474,27.165556,15.422821,10,241,53,118,304,697,7,220,32,97,331,26836,1951,7651,21.148036,8.197943,16.401845,12.678081,7,220,32,97
20p,sav_016,7,6,323,45,138,331,30301,1951,7651,15.10574,10.626712,22.552537,17.906156,5,322,44,137,250,108,4,308,33,123,331,30301,1951,7651,12.084592,10.164681,16.914403,16.07633,4,308,33,123
20p,sav_016,8,16,309,56,112,331,30301,1951,7651,45.317221,10.164681,28.190671,14.507907,15,308,55,111,311,346,10,294,41,97,331,30301,1951,7651,30.21148,9.70265,21.014864,12.678081,10,294,41,97
20p,sav_016,9,8,425,54,157,331,30301,1951,7651,21.148036,13.992938,27.165556,20.389492,7,424,53,156,369,509,2,398,32,135,331,30301,1951,7651,6.042296,13.13488,16.401845,17.644752,2,398,32,135
20p,sav_016,10,9,428,70,174,331,29356,1951,7651,24.169184,14.511514,35.366479,22.611423,8,426,69,173,91,516,8,404,48,152,331,29356,1951,7651,24.169184,13.762093,24.602768,19.866684,8,404,48,152
20p,sav_016,11,16,289,64,138,331,30301,1951,7651,45.317221,9.504637,32.291133,17.906156,15,288,63,137,162,129,7,267,49,123,331,30301,1951,7651,21.148036,8.81159,25.115325,16.07633,7,267,49,123
20p,sav_016,12,4,432,40,143,331,30301,1951,7651,9.063444,14.223953,19.989749,18.559665,3,431,39,142,379,266,3,410,22,121,331,30301,1951,7651,9.063444,13.530907,11.276269,15.814926,3,410,22,121
20p,sav_016,13,8,362,64,153,331,30301,1951,7651,21.148036,11.913798,32.291133,19.866684,7,361,63,152,613,297,7,348,52,139,331,30301,1951,7651,21.148036,11.484769,26.652998,18.16756,7,348,52,139
20p,sav_016,14,5,354,36,144,331,30301,1951,7651,12.084592,11.649781,17.939518,18.690367,4,353,35,143,538,533,1,332,23,122,331,30301,1951,7651,3.021148,10.956734,11.788826,15.945628,1,332,23,122
20p,sav_016,15,1,355,54,129,331,30301,1951,7651,0.0,11.649781,27.165556,16.729839,0,353,53,128,633,166,0,311,39,107,331,30301,1951,7651,0.0,10.263688,19.989749,13.9851,0,311,39,107
20p,sav_016,16,4,286,49,124,331,30301,1951,7651,9.063444,9.40563,24.602768,16.07633,3,285,48,123,556,640,3,245,32,102,331,30301,1951,7651,9.063444,8.085542,16.401845,13.331591,3,245,32,102
20p,sav_016,17,8,352,43,123,331,30301,1951,7651,21.148036,11.550774,21.527422,15.945628,7,350,42,122,153,323,3,329,25,101,331,30301,1951,7651,9.063444,10.857727,12.813942,13.200889,3,329,25,101
20p,sav_016,18,7,430,49,158,331,29573,1951,7651,18.126888,14.506476,24.602768,20.520193,6,429,48,157,674,503,3,394,29,136,331,29573,1951,7651,9.063444,13.322964,14.864172,17.775454,3,394,29,136
20p,sav_016,19,10,388,49,109,331,30301,1951,7651,27.190332,12.771856,24.602768,14.115802,9,387,48,108,344,590,4,362,34,94,331,30301,1951,7651,12.084592,11.9468,17.426961,12.285976,4,362,34,94
20p,sav_016,20,10,435,44,146,331,30301,1951,7651,27.190332,14.32296,22.039979,18.951771,9,434,43,145,450,166,2,413,27,124,331,30301,1951,7651,6.042296,13.629913,13.839057,16.207032,2,413,27,124
